Fecha_hoy,ing_hab,cto_noc,ADR,num_men,num_adu,TREVPEC,count_rows
2020-11-01,927648.0345216822,868.0,477394.2317145243,396.0,1734.0,471826.4484390275,424
2020-11-02,868258.4799878374,802.0,425539.047646939,460.0,1616.0,425609.0641854469,376
2020-11-03,820402.2345385228,760.0,385132.2962564891,400.0,1536.0,376829.25148906093,340
2020-11-04,635985.2699499313,574.0,357115.1041477913,200.0,1114.0,352913.93614718615,324
2020-11-05,918465.5601035191,816.0,477790.02651750547,256.0,1646.0,453186.72929199995,412
2020-11-06,1175183.2325952603,992.0,660277.253966319,326.0,2000.0,632749.9466405597,526
2020-11-07,1205306.4048633028,1058.0,643988.6503446932,372.0,2144.0,610740.3079434474,556
2020-11-08,877171.2980563744,792.0,515671.2769151586,402.0,1582.0,501891.57983821444,452
2020-11-09,670985.1439298306,680.0,409451.6483275711,448.0,1368.0,405116.9098298456,372
2020-11-10,690807.451028128,642.0,380988.5469373004,398.0,1290.0,378064.1736508082,354
2020-11-11,546575.0495481336,508.0,350871.7219368042,246.0,998.0,351949.8569282107,328
2020-11-12,681132.4628089678,594.0,454226.4869939913,280.0,1166.0,448105.8087999544,388
2020-11-13,1068269.710754816,866.0,618356.2630511674,402.0,1760.0,591594.9472554113,496
2020-11-14,1485168.8360340083,1170.0,759171.8640655011,532.0,2438.0,722699.9438907708,588
2020-11-15,1331465.1796961564,1060.0,683030.8471378491,490.0,2200.0,655150.0993867893,538
2020-11-16,623105.9559100938,544.0,431376.38754603354,302.0,1092.0,426239.5415090042,372
2020-11-17,608627.5913089921,558.0,384303.68386742735,224.0,1102.0,375845.67642114824,350
2020-11-18,632175.0578052853,582.0,420029.40492919,208.0,1140.0,413086.37993671274,378
2020-11-19,1065466.7960655151,954.0,626599.1690372896,348.0,1926.0,610533.8765320102,512
2020-11-20,1263047.3490344395,1088.0,675634.5439469898,478.0,2242.0,647659.8443109423,576
2020-11-21,1344486.8483225831,1158.0,698900.0224457128,490.0,2412.0,659078.0893435363,582
2020-11-22,1012932.5418038423,910.0,535455.0553857512,580.0,1850.0,507873.6755311943,468
2020-11-23,875896.5262693577,810.0,486247.85759400344,492.0,1628.0,465903.19116990035,434
2020-11-24,915400.0612623416,836.0,501922.2063620346,514.0,1688.0,481151.61928339937,438
2020-11-25,784414.3304624599,718.0,493950.1071300242,362.0,1456.0,471128.85786052834,436
2020-11-26,1054340.6675669693,910.0,615684.5715116968,366.0,1858.0,599470.2898655199,522
2020-11-27,1216346.7635692016,1064.0,736605.8903988195,422.0,2170.0,718437.0046243584,626
2020-11-28,1370790.9717976025,1158.0,793136.0796966988,484.0,2450.0,759975.7722559031,656
2020-11-29,854231.5123454733,756.0,472481.4005405327,364.0,1574.0,455909.0275165317,410
2020-11-30,578676.3324727761,528.0,337487.29155973,250.0,1064.0,331197.11590384616,302
2020-12-01,1264808.3745205377,1066.0,788983.1165405698,540.0,2200.0,743224.4567689255,634
2020-12-02,1121648.41747086,964.0,802152.1276247825,530.0,1978.0,750750.0536712699,648
2020-12-03,1424173.7362940349,1242.0,911526.8341238337,696.0,2528.0,878949.4257613625,740
2020-12-04,1637760.9624185625,1466.0,964822.6985531485,814.0,2996.0,933090.7480041551,796
2020-12-05,1755782.2615786882,1552.0,1010933.8781912226,918.0,3168.0,985392.737156808,840
2020-12-06,1278734.8999316867,1252.0,803558.5445344835,926.0,2542.0,775156.7263710693,682
2020-12-07,1291660.3993761395,1218.0,838107.241325383,888.0,2496.0,789479.7392315976,688
2020-12-08,1374468.797077811,1200.0,825786.5924139657,876.0,2454.0,794100.9141345822,668
2020-12-09,1301631.857499054,1144.0,803114.6698955436,798.0,2366.0,749083.7309673417,672
2020-12-10,1414571.6645870395,1228.0,897097.6541294104,796.0,2562.0,830387.8186731412,742
2020-12-11,1589369.1360324246,1384.0,998454.1497525668,866.0,2860.0,937027.0378796292,822
2020-12-12,1683033.9914440904,1484.0,1059778.0925233895,860.0,3062.0,999418.7830255189,892
2020-12-13,1553909.5301737718,1384.0,931457.811683379,892.0,2844.0,883242.1124570081,804
2020-12-14,1516957.5484005772,1360.0,925217.9385056188,916.0,2792.0,866623.709058909,792
2020-12-15,1419292.1987002424,1274.0,901802.1513903538,892.0,2630.0,843076.8351332658,774
2020-12-16,1381711.0819235991,1222.0,941003.5559175761,820.0,2522.0,880153.416193895,798
2020-12-17,2059586.8544228866,1652.0,1099677.2296354154,886.0,3590.0,1001488.0238209312,896
2020-12-18,2269224.1265510516,1774.0,1206267.4374684351,908.0,3846.0,1094535.7102335086,930
2020-12-19,2540102.88414123,1950.0,1423976.392498308,1046.0,4208.0,1302966.0330098579,1038
2020-12-20,2163545.2779932683,1676.0,1400412.973202232,944.0,3592.0,1295697.4962254511,1018
2020-12-21,2036529.3791668895,1450.0,1428331.5851149007,892.0,3054.0,1327245.427712554,966
2020-12-22,1829008.9198243073,1218.0,1252809.810843773,742.0,2572.0,1159798.1472234884,804
2020-12-23,2230046.9859954296,1384.0,1508596.179265839,914.0,2904.0,1430384.3752394288,894
2020-12-24,2744251.7951974287,1692.0,1711671.3209440578,1062.0,3544.0,1619896.0504757238,996
2020-12-25,2778488.2323930846,1672.0,1788006.1745842192,1042.0,3470.0,1707213.7027253977,1018
2020-12-26,2764662.795279464,1590.0,1879483.4651667485,914.0,3286.0,1792460.736238917,1028
2020-12-27,2242360.69644531,1296.0,1646860.7520325652,784.0,2674.0,1555515.344128654,882
2020-12-28,2385849.07768036,1358.0,1736460.0495536653,796.0,2790.0,1645601.4864062576,944
2020-12-29,2276446.6662179455,1290.0,1697815.9902958304,762.0,2642.0,1615788.7015671523,920
2020-12-30,2549835.957818774,1304.0,1933567.063239067,710.0,2682.0,1832571.3815369748,958
2020-12-31,2940757.991998064,1428.0,2182471.745394871,724.0,2956.0,2045427.7524030858,988
2021-01-01,2617077.7651846902,1308.0,1944504.043065328,680.0,2708.0,1809244.2485284605,914
2021-01-02,1933633.4060208462,1200.0,1433866.7513981108,674.0,2490.0,1338732.0831223652,826
2021-01-03,1602673.355951452,1086.0,1182013.4680129215,696.0,2258.0,1106534.4577591517,754
2021-01-04,1679002.2020376862,1164.0,1158234.9822808062,718.0,2432.0,1075781.875326802,758
2021-01-05,1610327.40789594,1126.0,1076865.2395606574,718.0,2358.0,1000152.1872078255,718
2021-01-06,1476129.5956061804,1048.0,980580.3574487742,654.0,2178.0,922596.4859475875,672
2021-01-07,1531597.7315493,1094.0,1030854.2420524543,652.0,2290.0,977633.5156675933,702
2021-01-08,1322409.1278229742,968.0,922328.4702862069,564.0,2042.0,855432.8948352773,644
2021-01-09,1239612.5209877293,924.0,862875.9006413607,504.0,1926.0,822639.0483860292,610
2021-01-10,794167.665107109,598.0,661509.5888134356,370.0,1210.0,650706.1926190476,484
2021-01-11,785861.9288928324,584.0,654081.6679812961,358.0,1192.0,628218.7427619047,476
2021-01-12,723569.429221197,544.0,601647.7432633908,340.0,1104.0,582826.1738192919,448
2021-01-13,702702.8043643414,546.0,578160.23578159,308.0,1082.0,573197.6444224664,444
2021-01-14,877780.7260426938,694.0,702904.5589241604,376.0,1380.0,690560.5647142857,548
2021-01-15,1027472.0671409806,824.0,810018.4703874504,378.0,1654.0,792717.7982647059,624
2021-01-16,1018372.6362738822,830.0,811783.8244668734,408.0,1706.0,774998.4432997198,632
2021-01-17,839449.6504070923,644.0,708895.9832975594,346.0,1332.0,683497.7154235209,534
2021-01-18,842844.2236201484,632.0,703438.2325439054,382.0,1310.0,670211.8042820513,512
2021-01-19,815474.3555505492,610.0,671828.8918792711,344.0,1272.0,636225.9269084249,492
2021-01-20,845973.0883661488,644.0,683722.7264262286,386.0,1332.0,638607.864051282,514
2021-01-21,983056.6784358802,776.0,743201.1877230793,380.0,1574.0,713097.03892674,570
2021-01-22,899027.19490278,738.0,664782.1219846098,326.0,1490.0,645161.6870952381,526
2021-01-23,923583.502315533,746.0,671702.8188671748,346.0,1516.0,651169.4811666667,526
2021-01-24,592057.6602296941,484.0,441959.3744368506,262.0,974.0,426910.84640723164,352
2021-01-25,580685.0078257588,456.0,434098.72562393296,316.0,932.0,401196.78416089463,328
2021-01-26,580077.1768302033,454.0,438821.1973783067,304.0,912.0,406733.96275974024,330
2021-01-27,536442.5152972748,432.0,408339.6337057019,244.0,882.0,383144.5986017316,310
2021-01-28,682137.346480275,538.0,497328.25180125266,252.0,1072.0,480721.8256170635,378
2021-01-29,727595.7167955363,580.0,523520.1737726866,264.0,1158.0,505879.336922619,408
2021-01-30,928219.5108849662,738.0,645359.5352537419,378.0,1504.0,613604.7485334967,502
2021-01-31,817194.1155388585,650.0,625218.701168632,378.0,1308.0,610635.6880317461,480
2021-02-01,659877.1960509924,528.0,474051.8392283454,270.0,1088.0,460700.3432460317,388
2021-02-02,594671.6136162227,492.0,456077.60643324023,284.0,1000.0,439435.03153968253,370
2021-02-03,632030.8458743325,524.0,482531.0693488786,276.0,1058.0,462906.05887301586,394
2021-02-04,1120858.165489322,946.0,650136.242589803,274.0,1880.0,629782.3254047877,510
2021-02-05,1358684.3402251445,1152.0,779513.1880004711,332.0,2292.0,757796.7631131724,604
2021-02-06,1428045.6296723776,1230.0,828652.3074799046,374.0,2488.0,801968.8561979812,652
2021-02-07,1153836.253009783,964.0,686147.8250878227,340.0,1962.0,659843.7107479784,546
2021-02-08,778136.1508408174,630.0,608681.6598823202,360.0,1332.0,566415.3033138189,480
2021-02-09,722150.4329664528,600.0,605114.1699203973,344.0,1252.0,559166.4477333333,478
2021-02-10,865366.3237427134,768.0,709454.9842134519,400.0,1526.0,670851.0956666666,544
2021-02-11,1007860.2732205904,786.0,807754.8491490189,382.0,1582.0,769881.0568021978,616
2021-02-12,1270934.8115212775,1046.0,941044.5634740463,446.0,2106.0,900833.599405872,748
2021-02-13,1502534.9211878492,1234.0,1108599.6816763706,458.0,2496.0,1066606.7420956478,856
2021-02-14,1400323.843150287,1122.0,1021385.4838609961,512.0,2264.0,994796.6736518868,792
2021-02-15,1544096.3803725035,1282.0,932311.5526838124,714.0,2614.0,900151.8466778349,710
2021-02-16,1508232.3967145255,1256.0,853814.5887446055,800.0,2568.0,812002.8048881327,646
2021-02-17,1497733.4198322257,1264.0,830236.6597360874,844.0,2556.0,792228.4519437134,642
2021-02-18,1590343.0045432302,1290.0,1004365.615657312,706.0,2636.0,952152.9821828795,748
2021-02-19,1454660.1871084536,1174.0,1005456.5794847441,632.0,2416.0,958777.759370717,764
2021-02-20,1474579.1399713345,1236.0,1006655.11791519,656.0,2530.0,969025.491868045,786
2021-02-21,1067283.366819766,866.0,775156.5055958241,500.0,1770.0,755601.8760333001,610
2021-02-22,903476.4615295104,748.0,675246.8356041223,412.0,1526.0,655235.5867016317,536
2021-02-23,898502.3909251256,748.0,704235.2650616383,390.0,1510.0,689793.6675,560
2021-02-24,919244.7782979065,786.0,708975.4626188913,392.0,1582.0,695595.3556613942,580
2021-02-25,1208927.8416855538,1044.0,835278.2676260627,564.0,2106.0,809998.1130194033,688
2021-02-26,1371262.4057574042,1194.0,867914.5698678503,666.0,2424.0,847671.4493848436,728
2021-02-27,1451285.5573073162,1332.0,885240.0472725306,666.0,2696.0,878414.9044254273,746
2021-02-28,1029290.4470299631,864.0,712333.0643095265,448.0,1730.0,705154.037707815,586
2021-03-01,923730.1512062488,880.0,666754.8013433402,416.0,1768.0,658006.1982078273,618
2021-03-02,1000327.4544323463,926.0,718308.5422264661,450.0,1838.0,717446.7334706539,650
2021-03-03,1135727.0881059102,1030.0,819846.6176013885,528.0,2070.0,816832.357838153,730
2021-03-04,1510596.3452216336,1390.0,1062172.8602592007,618.0,2784.0,1056450.915039183,948
2021-03-05,1810321.8644035286,1702.0,1199853.6470229512,846.0,3418.0,1190131.9271174418,1094
2021-03-06,2197084.480154006,2056.0,1430251.5845497206,930.0,4206.0,1381938.6543293651,1268
2021-03-07,1431555.282585584,1334.0,1037441.8248296943,586.0,2684.0,1017140.6214776913,938
2021-03-08,1366449.039669412,1266.0,985635.4238900165,582.0,2506.0,981152.9553050299,890
2021-03-09,1441171.31650737,1276.0,1024114.1185730633,654.0,2542.0,1007822.9445353481,870
2021-03-10,1439260.8696399983,1296.0,1062354.0344033616,612.0,2596.0,1040620.8932987081,906
2021-03-11,1765932.3810337752,1546.0,1197331.9626197098,584.0,3112.0,1171028.2169222257,1016
2021-03-12,2462661.590952669,2168.0,1548527.6694719126,836.0,4374.0,1527473.7121953638,1310
2021-03-13,3116254.725601054,2818.0,1886827.7152185503,962.0,5764.0,1839987.543464035,1576
2021-03-14,2948549.317743275,2670.0,1822696.3558283548,944.0,5456.0,1782114.091463404,1514
2021-03-15,2085049.2982764817,1846.0,1404323.7090795515,900.0,3716.0,1382295.1582986098,1172
2021-03-16,2055202.5998046007,1836.0,1395131.0574358364,934.0,3704.0,1374924.8440636657,1164
2021-03-17,2198838.221336722,1978.0,1491095.6034121849,1000.0,4030.0,1455195.9808936955,1252
2021-03-18,2391890.0638371515,2182.0,1664234.4642610073,1008.0,4448.0,1599735.4503792282,1400
2021-03-19,2815289.678402044,2488.0,1881333.962154504,1006.0,5164.0,1774298.245358096,1536
2021-03-20,3031383.5296685556,2692.0,1977731.6560393153,978.0,5582.0,1877632.2050198605,1622
2021-03-21,2506231.400345972,2272.0,1623568.535411866,1154.0,4616.0,1575886.6897918896,1390
2021-03-22,2396184.548919597,2222.0,1577008.6611586376,1188.0,4466.0,1549056.4855635783,1348
2021-03-23,2180311.045994476,2008.0,1466913.946401045,1060.0,4042.0,1436789.8653112315,1246
2021-03-24,2124388.164647177,1852.0,1406094.9444601282,1020.0,3720.0,1379946.586252926,1162
2021-03-25,2367301.9025590103,2100.0,1544406.724690345,1030.0,4258.0,1501035.929413565,1286
2021-03-26,2591428.5791901844,2270.0,1663217.3284369414,1000.0,4626.0,1660309.1182515554,1346
2021-03-27,3080806.0745149194,2586.0,1951146.5649979655,1242.0,5334.0,1913782.427340812,1506
2021-03-28,2846657.946594948,2358.0,1849957.8476306256,1272.0,4874.0,1797296.104391584,1432
2021-03-29,2973708.5299111456,2488.0,1881214.6622210862,1262.0,5080.0,1836066.9213431692,1474
2021-03-30,2922123.654391641,2434.0,1861422.3512257757,1256.0,5016.0,1800903.3060174815,1460
2021-03-31,2808065.856245659,2282.0,1806303.1348068756,1084.0,4712.0,1760035.649438685,1390
2021-04-01,3741708.2906383364,2778.0,2233287.8998227227,1308.0,5810.0,2167562.8928018543,1560
2021-04-02,3841100.004330866,2858.0,2365384.7588369357,1324.0,6008.0,2264376.057008015,1626
2021-04-03,3703403.382067889,2756.0,2287203.3466284308,1322.0,5790.0,2205009.864516647,1594
2021-04-04,2162200.850793187,1758.0,1455076.896851611,972.0,3580.0,1433081.483703159,1120
2021-04-05,2542765.4720673747,2178.0,1606087.0108768456,1210.0,4426.0,1606605.8045232578,1280
2021-04-06,2734769.1276750956,2362.0,1705420.006837761,1272.0,4818.0,1711611.3745266313,1374
2021-04-07,2706125.7409268725,2372.0,1746731.6598874917,1176.0,4816.0,1735464.3723481079,1434
2021-04-08,2884786.839576963,2484.0,1872395.1821164386,1240.0,5076.0,1837915.231059086,1514
2021-04-09,2810116.323465151,2412.0,1761416.6419908265,1154.0,4934.0,1715110.873935513,1434
2021-04-10,2666797.020685331,2330.0,1656386.666472339,1106.0,4756.0,1609636.0885225143,1370
2021-04-11,1850888.9549205587,1626.0,1222628.1176644512,880.0,3294.0,1188521.5382627987,1050
2021-04-12,1907474.4864614103,1694.0,1217153.7743943075,864.0,3420.0,1174473.1487417785,1036
2021-04-13,1948487.2458095022,1744.0,1214072.9072303763,872.0,3510.0,1191274.1508423788,1054
2021-04-14,1866414.658433638,1682.0,1220252.7131351067,776.0,3402.0,1184553.8144676373,1058
2021-04-15,2109648.3820829745,1920.0,1385477.8940116107,830.0,3892.0,1311463.656350566,1202
2021-04-16,2482464.4776621033,2298.0,1609933.9351351818,932.0,4674.0,1510017.0897781595,1360
2021-04-17,2644836.9046574254,2564.0,1680042.7851251357,958.0,5154.0,1582539.713788437,1428
2021-04-18,1984961.2863266536,1834.0,1357520.7017266753,860.0,3736.0,1290850.7300786714,1198
2021-04-19,2045686.7887067727,1874.0,1382679.0096603073,938.0,3816.0,1317689.7586631326,1226
2021-04-20,2094013.1341085837,1936.0,1342597.5067665975,936.0,3986.0,1270253.3278799197,1198
2021-04-21,2108586.0942013697,1946.0,1382097.0816344607,932.0,4022.0,1301811.3560036924,1238
2021-04-22,2359039.965376876,2162.0,1542589.5245528177,1002.0,4422.0,1476161.0874697831,1336
2021-04-23,2748216.937778087,2442.0,1685678.7159058105,1050.0,5046.0,1602902.7344986363,1404
2021-04-24,2892482.3226273675,2598.0,1741134.1437456429,1060.0,5402.0,1653565.521875735,1436
2021-04-25,2428021.807876132,2120.0,1509111.6658457282,996.0,4374.0,1432462.7568999624,1260
2021-04-26,2352851.071609779,2122.0,1506725.1717222454,1122.0,4360.0,1420473.9163591175,1284
2021-04-27,2240335.6882018903,2026.0,1444714.0995995824,1092.0,4108.0,1369394.0371692404,1254
2021-04-28,2250201.5074684974,1980.0,1426083.6604769188,1052.0,3998.0,1374497.9062701731,1216
2021-04-29,2337699.341968149,2034.0,1547122.3135293194,1006.0,4046.0,1509760.0434271477,1296
2021-04-30,3181198.7362344563,2564.0,1795973.846267724,1280.0,5080.0,1786455.5187916753,1450
2021-05-01,3494209.662438265,2830.0,1985424.2884180034,1372.0,5636.0,1982997.5508496272,1586
2021-05-02,2696923.322342599,2172.0,1573173.7963780577,1104.0,4348.0,1570086.628975845,1312
2021-05-03,2579783.6884425185,2106.0,1527974.9208201508,1156.0,4150.0,1526347.5254039448,1286
2021-05-04,2582324.8262436455,2110.0,1512887.2324394363,1138.0,4198.0,1503025.8965299788,1282
2021-05-05,2167547.9045536495,1952.0,1420343.1684160104,1048.0,3922.0,1386554.6868876922,1236
2021-05-06,2395353.260907946,2066.0,1555330.469782597,1002.0,4184.0,1513745.25295841,1328
2021-05-07,2903275.19824569,2430.0,1746654.7308104176,1136.0,5010.0,1683154.989093872,1422
2021-05-08,3114051.7587476666,2644.0,1813151.7018902432,1198.0,5480.0,1762452.6277033032,1472
2021-05-09,2404983.280130664,2092.0,1506390.4199621337,994.0,4282.0,1455265.9994323063,1262
2021-05-10,2328453.9527574815,1982.0,1448150.3376799407,1072.0,4010.0,1397523.5112041358,1214
2021-05-11,2332417.7250414295,2002.0,1517250.5390844988,1106.0,4080.0,1458314.6205341618,1264
2021-05-12,2392963.1544040916,2028.0,1519526.3299424944,1032.0,4180.0,1459187.9267613532,1262
2021-05-13,2887077.2547330894,2416.0,1736665.486016251,1068.0,4980.0,1668979.9861025927,1410
2021-05-14,3276939.9977359544,2746.0,1916727.4139981123,1132.0,5594.0,1864642.053460886,1560
2021-05-15,3244285.4087601877,2800.0,1910548.3501333168,1134.0,5722.0,1844816.6373264387,1598
2021-05-16,2531413.322261871,2158.0,1583514.224961006,984.0,4376.0,1544816.7502026088,1338
2021-05-17,2832493.1853435887,2474.0,1676927.2048634994,1256.0,5054.0,1599994.0940013665,1418
2021-05-18,2756126.5375336963,2388.0,1714819.6905406287,1200.0,4876.0,1634252.9343906937,1430
2021-05-19,2525418.187217643,2176.0,1594029.984358519,1022.0,4434.0,1527118.1100727546,1334
2021-05-20,2774958.397530664,2434.0,1697949.348494923,1140.0,4986.0,1623380.0684559913,1404
2021-05-21,3221527.464368827,2742.0,1871344.1957025123,1340.0,5690.0,1759317.7166587478,1484
2021-05-22,3360003.916672903,2880.0,1944035.488634428,1422.0,6012.0,1827087.5673022931,1548
2021-05-23,2715594.9693107577,2306.0,1716608.0229852374,1236.0,4750.0,1630267.4382333916,1390
2021-05-24,2800244.3696981627,2442.0,1691689.9622957362,1418.0,5008.0,1591344.3079490825,1392
2021-05-25,2786090.7549079717,2468.0,1681271.6773321547,1406.0,5036.0,1599738.971587521,1422
2021-05-26,2429111.1970937015,2206.0,1603489.5341969708,1054.0,4456.0,1542229.3131081937,1396
2021-05-27,2713069.300538296,2414.0,1752013.0717706394,1198.0,4908.0,1667954.685257796,1474
2021-05-28,3223921.5814173217,2728.0,1987744.291871676,1404.0,5592.0,1885079.5466769661,1574
2021-05-29,3260555.855196185,2808.0,1980365.8610778612,1396.0,5736.0,1891457.6260868926,1586
2021-05-30,2553869.0101697226,2192.0,1571856.3638778757,1150.0,4488.0,1512472.2134673,1306
2021-05-31,2362990.8064015293,2062.0,1513218.4001629858,1140.0,4178.0,1467164.843017034,1290
2021-06-01,2447391.0561080566,2176.0,1563428.021972459,1210.0,4374.0,1535765.5593876566,1318
2021-06-02,2454617.2952532843,2196.0,1517683.1670757094,1152.0,4440.0,1474386.697596373,1312
2021-06-03,2539056.611668493,2260.0,1546007.8631752536,1060.0,4552.0,1502674.7471327682,1308
2021-06-04,2995537.7806852013,2588.0,1684813.8386245235,1122.0,5260.0,1629548.5503007344,1384
2021-06-05,2922500.7291398705,2546.0,1607583.695900874,1082.0,5196.0,1552608.7661398433,1340
2021-06-06,2312049.8394037387,2050.0,1381201.8127335287,1044.0,4124.0,1347842.2590937763,1182
2021-06-07,2616045.247506897,2296.0,1573212.5860436468,1200.0,4674.0,1514618.7515628794,1322
2021-06-08,2575283.8342149146,2224.0,1558937.6577251398,1286.0,4564.0,1477447.0501667385,1276
2021-06-09,2714751.776771734,2292.0,1709839.9837499147,1202.0,4728.0,1624884.1280635728,1372
2021-06-10,2944029.7366943974,2426.0,1838285.4378585662,1196.0,5030.0,1735446.944747507,1438
2021-06-11,3166226.779618935,2640.0,1876425.9586987728,1370.0,5480.0,1776892.5917929197,1480
2021-06-12,3292726.474894778,2758.0,1965000.5267099042,1354.0,5750.0,1864928.5966599833,1518
2021-06-13,2622099.491871051,2268.0,1634168.023129806,1146.0,4626.0,1586293.4169324061,1344
2021-06-14,3060435.7778650243,2548.0,1923367.2158846185,1352.0,5170.0,1866954.3290188727,1530
2021-06-15,3063374.2092733583,2562.0,1898154.7514560043,1418.0,5202.0,1833620.7603143293,1508
2021-06-16,3062942.5661399523,2580.0,1893301.1654443725,1428.0,5248.0,1813716.0640920901,1500
2021-06-17,3244573.7764824093,2628.0,1980731.6944484427,1416.0,5428.0,1853879.8144086502,1502
2021-06-18,3551432.972137804,2822.0,2161042.2807468954,1536.0,5898.0,2004250.1018366306,1582
2021-06-19,3576822.812226066,2812.0,2177772.5909117395,1492.0,5924.0,1995992.989433563,1572
2021-06-20,3021363.317028759,2410.0,1929301.8965326257,1342.0,5046.0,1802262.4532400398,1456
2021-06-21,3457874.668914835,2754.0,2232950.372002035,1612.0,5732.0,2104849.5140686515,1688
2021-06-22,3589701.7725194795,2818.0,2315679.5170330605,1618.0,5878.0,2192479.742092716,1728
2021-06-23,3608665.4208137295,2714.0,2383218.6080948,1440.0,5634.0,2271808.461639981,1718
2021-06-24,3710657.121082076,2808.0,2377795.808254177,1540.0,5810.0,2258613.4472252196,1708
2021-06-25,3933638.2114198366,2938.0,2362065.689572115,1590.0,6144.0,2235576.4407882676,1668
2021-06-26,4073957.200287939,3102.0,2460351.2894822527,1564.0,6442.0,2346072.8446546947,1756
2021-06-27,3529259.5709122987,2624.0,2148825.8643382983,1348.0,5384.0,2051458.3036412974,1544
2021-06-28,3543513.6164001944,2678.0,2134659.242920778,1536.0,5460.0,2052329.7479406346,1570
2021-06-29,3246227.2507087244,2540.0,2025614.8124748834,1552.0,5174.0,1942699.7841082544,1490
2021-06-30,3852826.616974133,2778.0,1848594.389992338,1436.0,5974.0,1781876.0637772682,1294
2021-07-01,4256065.390925121,2838.0,2105263.902358497,1438.0,6142.0,2007144.0467871458,1328
2021-07-02,4461066.590004441,2994.0,2157528.592185397,1474.0,6540.0,2043697.1900590572,1396
2021-07-03,4527537.944310087,3064.0,2416344.1356272693,1484.0,6588.0,2330613.925331808,1560
2021-07-04,3625918.676605758,2544.0,2324075.012283761,1316.0,5280.0,2264866.183217922,1558
2021-07-05,3751404.2270168406,2710.0,2311522.062151481,1466.0,5614.0,2261466.0750937816,1616
2021-07-06,3679140.839067517,2690.0,2215812.847301723,1430.0,5560.0,2163553.5280470313,1598
2021-07-07,3468281.0425861524,2532.0,2183898.915960835,1376.0,5178.0,2119762.5301923817,1580
2021-07-08,3648171.1644541873,2600.0,2380826.279592141,1412.0,5332.0,2325061.4676843854,1620
2021-07-09,4153519.515373563,2828.0,2675777.8355706083,1530.0,5912.0,2594082.385015646,1720
2021-07-10,4332823.525035808,3034.0,2771919.2202658933,1608.0,6332.0,2661787.9603947722,1806
2021-07-11,3911229.3771151076,2718.0,2584672.3251634073,1494.0,5694.0,2470023.3179013724,1724
2021-07-12,3739074.760415008,2738.0,2422297.1045900667,1482.0,5648.0,2343931.923762061,1668
2021-07-13,3763643.678653607,2820.0,2439873.39512049,1416.0,5794.0,2372180.598982995,1708
2021-07-14,3772018.003915515,2772.0,2439410.877315452,1396.0,5730.0,2366315.138243597,1678
2021-07-15,3863242.810893914,2790.0,2464337.4155500946,1398.0,5850.0,2318967.9868528955,1668
2021-07-16,4071321.5845161863,2856.0,2639918.935567976,1416.0,6046.0,2487832.82015404,1732
2021-07-17,4055984.249203831,2930.0,2587553.0054340414,1400.0,6220.0,2464028.3570821527,1714
2021-07-18,3518304.8436200586,2562.0,2259512.5926863686,1188.0,5450.0,2151634.6927864226,1536
2021-07-19,3810536.37208662,2780.0,2341678.7625523657,1354.0,5986.0,2212901.3230255335,1614
2021-07-20,3630607.5226289206,2794.0,2291243.0946374713,1402.0,5984.0,2157601.8697182005,1634
2021-07-21,3553803.7412583577,2710.0,2267161.84313827,1446.0,5782.0,2139097.898178432,1652
2021-07-22,3855776.473435407,2846.0,2391546.8041937603,1452.0,5984.0,2283957.1769981883,1702
2021-07-23,4045765.511866466,2910.0,2564959.6451757844,1454.0,6124.0,2469924.7678642184,1744
2021-07-24,4209129.378053001,2966.0,2623155.425174322,1636.0,6224.0,2563570.256560897,1762
2021-07-25,3790093.0920066424,2748.0,2333341.257989455,1928.0,5734.0,2263834.722793195,1622
2021-07-26,3891576.2070113267,2904.0,2283926.891429503,2102.0,6082.0,2185807.2094778945,1630
2021-07-27,3815207.484063381,2860.0,2270290.9413202805,2008.0,5966.0,2180382.338380654,1636
2021-07-28,3895553.001346357,2836.0,2361012.362652813,1930.0,5914.0,2244779.977454469,1674
2021-07-29,3773926.828865655,2760.0,2462690.6469068932,1668.0,5710.0,2370955.799880974,1704
2021-07-30,3827995.0923370062,2766.0,2448508.0553067676,1584.0,5742.0,2348951.844336449,1700
2021-07-31,4002596.2286069146,2880.0,2523622.2544532795,1488.0,5950.0,2453192.9978817273,1700
2021-08-01,3478658.12268122,2456.0,2266643.446110351,1276.0,5016.0,2222596.968138286,1516
2021-08-02,3905113.6469976828,2700.0,2575783.9760073363,1612.0,5540.0,2499536.351947432,1636
2021-08-03,3862348.3907815106,2670.0,2528883.4794721957,1564.0,5462.0,2484653.27934312,1612
2021-08-04,3798800.7740299506,2658.0,2439466.8988064155,1524.0,5442.0,2382848.662873257,1568
2021-08-05,4189350.3012373066,2798.0,2633286.363591595,1572.0,5764.0,2547786.9858959583,1636
2021-08-06,4280019.10574616,2896.0,2691253.8297494715,1462.0,5992.0,2622130.0098954877,1728
2021-08-07,4308595.787995934,2994.0,2717955.296330514,1522.0,6212.0,2632377.2950088745,1760
2021-08-08,3501880.0525518307,2378.0,2389457.6020950624,1292.0,4902.0,2351043.024844829,1562
2021-08-09,3597668.9689803524,2450.0,2395448.2878813674,1512.0,5058.0,2340872.640528665,1574
2021-08-10,3459498.7850176436,2346.0,2384223.4287407463,1500.0,4830.0,2366050.451663667,1532
2021-08-11,3380928.356374475,2310.0,2371417.919440339,1426.0,4720.0,2360143.4379233327,1524
2021-08-12,3744966.367240323,2496.0,2528560.695226193,1556.0,5076.0,2506182.455462382,1606
2021-08-13,3524754.8811129583,2386.0,2480832.6506044334,1454.0,4868.0,2430950.073342929,1584
2021-08-14,3495468.786360038,2436.0,2391451.107981387,1470.0,4950.0,2340521.939302594,1560
2021-08-15,2751883.482656706,2010.0,1904907.6618042134,1336.0,4044.0,1897378.2249646783,1344
2021-08-16,2701188.1961889626,2192.0,1763012.3832540694,1646.0,4418.0,1783163.3111764076,1358
2021-08-17,2510377.128671953,2046.0,1656837.6712145268,1450.0,4158.0,1634522.1647998963,1284
2021-08-18,2333981.8059403673,1950.0,1607409.6212684757,1054.0,3946.0,1593862.6288206333,1282
2021-08-19,2708051.439519389,2238.0,1776669.546199549,1080.0,4574.0,1733531.6208072577,1384
2021-08-20,2986520.292836775,2620.0,1930067.5884619195,1148.0,5310.0,1895318.0188518001,1558
2021-08-21,2906816.4001288856,2568.0,1836296.4859649972,1096.0,5222.0,1801578.5106143109,1500
2021-08-22,2239847.606422676,1932.0,1476652.0902505696,904.0,3896.0,1449527.3621176688,1242
2021-08-23,2198424.5613156613,1896.0,1448384.6827620713,1054.0,3806.0,1407529.3201669264,1186
2021-08-24,2087655.9991217623,1794.0,1411200.5632823163,1038.0,3604.0,1382808.7611917334,1156
2021-08-25,2040308.7229874711,1802.0,1408634.7569798764,988.0,3632.0,1362527.847443539,1158
2021-08-26,2172607.514003099,1898.0,1445544.1465385032,944.0,3904.0,1362516.5472652107,1174
2021-08-27,2764227.7057149145,2362.0,1729690.9143107326,1224.0,4858.0,1659429.0818063705,1352
2021-08-28,2645854.754858129,2246.0,1660979.9573096014,1106.0,4632.0,1599658.3713617155,1290
2021-08-29,1765647.2037125845,1456.0,1216648.767877033,682.0,2978.0,1187088.0897474124,974
2021-08-30,1833002.3069672622,1532.0,1153225.8134933,680.0,3098.0,1110658.586371254,938
2021-08-31,1509180.441457641,1272.0,1044128.6904434822,574.0,2582.0,1021109.6902993551,866
2021-09-01,1617217.3301192243,1344.0,1164763.023557706,602.0,2696.0,1133547.8617594987,932
2021-09-02,1837991.3487176497,1588.0,1282683.6812605213,698.0,3180.0,1265246.692495355,1060
2021-09-03,2399322.9871842433,2054.0,1583781.9361955493,842.0,4102.0,1560514.894646187,1274
2021-09-04,2646543.221213167,2208.0,1744649.0178504216,924.0,4450.0,1701473.3303162819,1370
2021-09-05,2227992.164418751,1846.0,1499312.5194711979,844.0,3714.0,1478161.6473511606,1196
2021-09-06,2157753.6770434687,1866.0,1439950.5146928078,994.0,3726.0,1409306.464435602,1184
2021-09-07,1971427.889286158,1736.0,1306481.192864944,922.0,3472.0,1283995.4191582839,1088
2021-09-08,1745726.4215820471,1538.0,1174610.2101234698,670.0,3094.0,1143147.166237124,994
2021-09-09,1984090.5138677214,1854.0,1264508.3455575753,748.0,3718.0,1239568.3125219028,1094
2021-09-10,2301956.343506954,2064.0,1425400.1187970657,774.0,4190.0,1381497.0583266595,1198
2021-09-11,2357450.2357814377,2140.0,1434041.0211166106,894.0,4354.0,1396433.6535391968,1218
2021-09-12,1625948.5203517815,1432.0,1136526.5569136685,568.0,2918.0,1092174.0927919883,968
2021-09-13,1705413.8818753955,1482.0,1145920.2818680492,624.0,3026.0,1108191.984541135,950
2021-09-14,1802224.7298005125,1530.0,1168164.0782118058,652.0,3152.0,1128688.0852987748,964
2021-09-15,2261801.9290289134,1924.0,1407044.9946597237,874.0,3966.0,1367468.9007388516,1132
2021-09-16,2843933.8524119044,2392.0,1674078.3307317374,1022.0,4830.0,1649426.3258879785,1324
2021-09-17,3128894.2548699705,2614.0,1922249.2460516815,1152.0,5370.0,1869615.2619271756,1488
2021-09-18,3084849.259471363,2614.0,1899801.2270943644,1144.0,5398.0,1827655.3196973398,1522
2021-09-19,2864728.1618847237,2126.0,1444746.8329481783,1202.0,4190.0,1374529.9225110058,1168
2021-09-20,3113787.347328388,2220.0,1430153.732736787,1324.0,4306.0,1380715.6672954143,1148
2021-09-21,3081661.9431084874,2220.0,1415585.3459960332,1318.0,4318.0,1370643.754360991,1138
2021-09-22,3307847.66394802,2328.0,1496454.3739123293,1280.0,4522.0,1453963.3576972939,1186
2021-09-23,3760077.1612203894,2650.0,1655240.9805273926,1320.0,5278.0,1630955.6009213808,1284
2021-09-24,4109538.7121010916,2952.0,1759927.3470604897,1714.0,5910.0,1734470.118192258,1350
2021-09-25,4205977.120840072,3158.0,1836723.2619586315,1824.0,6372.0,1795235.0882344258,1430
2021-09-26,3300236.6592705953,2396.0,1558198.4606404647,1492.0,4760.0,1528621.8682133814,1244
2021-09-27,3026110.06957159,2170.0,1414675.8298711898,1346.0,4292.0,1394024.4170605254,1164
2021-09-28,3084570.36690049,2232.0,1427176.0963740954,1420.0,4426.0,1404133.8456389133,1178
2021-09-29,2841264.5102666933,1976.0,1331590.3620199265,1260.0,3892.0,1301110.2580025727,1086
2021-09-30,1966918.4053546768,1678.0,1214394.9028626604,836.0,3450.0,1179264.4903615597,1026
2021-10-01,2470766.020372859,2096.0,1441433.745186569,1000.0,4372.0,1375316.5335919582,1168
2021-10-02,2769870.5154859303,2342.0,1632196.264266918,1128.0,4888.0,1578659.0352377682,1286
2021-10-03,1843792.3278233383,1640.0,1264449.0825869062,824.0,3288.0,1261771.275751706,1042
2021-10-04,2225594.1957241227,1968.0,1371935.5441881423,1082.0,3920.0,1353134.0399315096,1118
2021-10-05,1960342.6502485157,1724.0,1297696.860570837,938.0,3464.0,1280979.2630816144,1074
2021-10-06,1807343.194175153,1628.0,1242502.5187554585,898.0,3266.0,1232156.626637194,1066
2021-10-07,2148049.202375669,1922.0,1404018.4760141245,1152.0,3888.0,1385666.449236241,1200
2021-10-08,2719717.367708965,2386.0,1658542.023478928,1356.0,4882.0,1602762.3864984498,1382
2021-10-09,3137344.9120392497,2746.0,1955608.4815551883,1438.0,5614.0,1889124.9452320167,1586
2021-10-10,2711575.597919766,2362.0,1769743.9714823149,1208.0,4766.0,1722585.9747526224,1454
2021-10-11,2811907.62391798,2440.0,1798762.8583018607,1270.0,4920.0,1746954.2735705737,1454
2021-10-12,2583638.887519882,2300.0,1650103.0273902908,1192.0,4630.0,1603892.2373962924,1380
2021-10-13,2487115.7892125784,2268.0,1621177.247558323,1192.0,4548.0,1580678.8307456009,1388
2021-10-14,2710049.9202880017,2356.0,1814026.1136323854,1176.0,4726.0,1782035.044829769,1454
2021-10-15,3383809.4481380302,2914.0,2116692.414635963,1538.0,5938.0,2067469.5260039286,1672
2021-10-16,3501965.719669446,3018.0,2176289.6720537636,1540.0,6218.0,2092783.0342847602,1716
2021-10-17,2709654.133533269,2364.0,1702146.9065780335,1192.0,4798.0,1652844.4975382527,1390
2021-10-18,2542631.0692927046,2348.0,1615102.9835119746,1130.0,4798.0,1568250.135102111,1376
2021-10-19,2396155.648016956,2264.0,1525716.1836845856,1060.0,4584.0,1497712.6219303096,1312
2021-10-20,2405131.167530237,2200.0,1598931.6843698728,996.0,4422.0,1577684.6075569238,1352
2021-10-21,2935947.1543586613,2546.0,1888350.94712671,1064.0,5118.0,1845524.1420996822,1572
2021-10-22,3383028.5229107183,2910.0,2168526.5373403905,1210.0,5912.0,2108461.4074789556,1724
2021-10-23,3596826.979868868,3116.0,2296856.8349752487,1260.0,6380.0,2202073.6517120553,1788
2021-10-24,2814942.535765745,2440.0,1776095.4474715951,1026.0,4950.0,1691494.0850479174,1446
2021-10-25,2802293.788092574,2524.0,1708244.5900468011,1276.0,5064.0,1662639.7453444863,1428
2021-10-26,2737811.8374487893,2382.0,1762077.9872915791,1116.0,4758.0,1726215.9443649997,1394
2021-10-27,2752258.102250099,2464.0,1728644.9259790808,1076.0,4936.0,1687155.0749241794,1440
2021-10-28,2849032.5854619546,2510.0,1685441.0013426107,1200.0,5066.0,1644938.7938844587,1430
2021-10-29,3252375.461713002,2908.0,1875337.4037446107,1480.0,5954.0,1815210.7200989604,1572
2021-10-30,3478505.6584133618,3108.0,2048248.693822052,1558.0,6422.0,1996148.0322629113,1690
2021-10-31,3122666.9525547004,2828.0,2005666.663431728,1358.0,5810.0,1951486.838074634,1656
2021-11-01,2996310.633821169,2858.0,1891804.331194912,1364.0,5890.0,1854442.759674827,1642
2021-11-02,2708472.3524065693,2508.0,1749239.1939977212,1264.0,5118.0,1700595.1019061005,1474
2021-11-03,2643798.310320952,2342.0,1719511.4520742919,1168.0,4666.0,1711649.019556935,1442
2021-11-04,3078112.5239982996,2692.0,1941351.6562847071,1358.0,5378.0,1926854.035280876,1590
2021-11-05,3365970.347450919,2990.0,2112655.5049795825,1498.0,6076.0,2075577.1535264463,1710
2021-11-06,3422872.9591458435,3042.0,2115530.943504625,1524.0,6204.0,2077263.983689436,1724
2021-11-07,2635685.412937239,2360.0,1708710.0779537428,1282.0,4770.0,1678353.6262648387,1452
2021-11-08,2897656.7274624496,2664.0,1839878.005424565,1582.0,5350.0,1811068.7859045356,1558
2021-11-09,2837313.3515457865,2542.0,1836938.4541496276,1500.0,5126.0,1811320.4696371327,1546
2021-11-10,2639953.421643456,2370.0,1807925.1675539142,1248.0,4780.0,1795790.6331038328,1522
2021-11-11,2699283.624060808,2338.0,1903372.6439653256,1024.0,4694.0,1889973.553851426,1580
2021-11-12,3218049.535568543,2690.0,2155193.962590598,1196.0,5548.0,2110798.1147661405,1722
2021-11-13,3707808.342141078,3162.0,2355058.7556581604,1336.0,6582.0,2278949.807877399,1834
2021-11-14,3469878.4423372364,3012.0,2191489.501079051,1296.0,6278.0,2101389.1669931896,1780
2021-11-15,2862160.132907497,2538.0,1892839.1749595795,1378.0,5246.0,1826137.243821598,1546
2021-11-16,2651590.479689557,2332.0,1785098.5715883598,1264.0,4758.0,1741645.5981654406,1460
2021-11-17,2800703.552932666,2424.0,1871666.804628551,1356.0,4962.0,1822482.1703196592,1524
2021-11-18,3190120.078855369,2650.0,1934379.7240670319,1542.0,5488.0,1891287.3335534842,1508
2021-11-19,3751836.1494993707,3010.0,2287895.2519735377,1862.0,6246.0,2245611.078518609,1686
2021-11-20,3962254.985135423,3148.0,2451685.821365528,1968.0,6536.0,2450834.5954656657,1762
2021-11-21,3524998.6139572742,2732.0,2276755.3524123123,1772.0,5588.0,2257750.298456431,1640
2021-11-22,3665143.328980565,2824.0,2297207.0845471164,1966.0,5740.0,2309732.041082938,1634
2021-11-23,3725760.739898708,2892.0,2334469.220281509,2090.0,5896.0,2330800.626462889,1654
2021-11-24,3542788.0229796185,2624.0,2309113.7663791757,1710.0,5352.0,2291741.4024295635,1636
2021-11-25,3779957.207106844,2916.0,2582428.308567698,1932.0,5950.0,2544374.4535326827,1766
2021-11-26,4113292.117737318,3180.0,2740348.7591654602,2004.0,6450.0,2716724.847255024,1846
2021-11-27,4038137.303027869,3140.0,2669359.099007663,1858.0,6402.0,2635040.036733705,1884
2021-11-28,3116898.267827838,2580.0,2148593.1204583915,1486.0,5178.0,2144035.421385526,1624
2021-11-29,3094665.3851244436,2590.0,2068985.9280968409,1528.0,5252.0,2048920.2422974107,1580
2021-11-30,2939559.048087622,2578.0,1937036.415038601,1524.0,5236.0,1925589.9227198241,1544
2021-12-01,2978035.7407185975,2494.0,2022233.5950788562,1396.0,5058.0,1991096.184293129,1540
2021-12-02,2860827.072165724,2528.0,1978030.8759358602,1336.0,5130.0,1937089.729044738,1604
2021-12-03,3402826.1742349467,2896.0,2261065.7804506198,1468.0,5882.0,2246856.3183959117,1746
2021-12-04,3639445.4279152267,3092.0,2411417.8948888374,1538.0,6294.0,2382294.1349071776,1836
2021-12-05,3014588.4693007553,2686.0,2038685.2014701983,1508.0,5374.0,2041488.2049749997,1662
2021-12-06,2928550.884692146,2684.0,2039630.070813847,1558.0,5368.0,2034477.7879709671,1696
2021-12-07,2983265.1118630944,2610.0,2092066.2471123047,1490.0,5212.0,2078164.8731733277,1708
2021-12-08,2818486.2327827616,2494.0,2044729.4662996482,1356.0,5010.0,2016455.487416883,1674
2021-12-09,3121213.289640107,2654.0,2168653.1816508304,1308.0,5378.0,2117648.4816774284,1704
2021-12-10,3553669.412241408,3014.0,2380155.498317371,1550.0,6138.0,2345405.6487531685,1850
2021-12-11,3571091.689182057,3066.0,2368957.3028369723,1520.0,6262.0,2327228.5987536525,1852
2021-12-12,2824042.977497469,2422.0,2090861.791890997,1204.0,4922.0,2082181.759723638,1656
2021-12-13,3295580.15017419,2732.0,2246722.3520611143,1570.0,5562.0,2233405.659143985,1726
2021-12-14,3189557.9135817173,2662.0,2206581.6263768016,1548.0,5406.0,2189748.0134577206,1702
2021-12-15,2897821.4465267705,2398.0,2045432.6470903566,1432.0,4868.0,2035656.7751464092,1570
2021-12-16,3420629.819863203,2702.0,2352443.512404547,1512.0,5506.0,2324087.7994114943,1696
2021-12-17,3853140.318558314,2854.0,2642978.612367974,1674.0,5808.0,2628580.2673289743,1780
2021-12-18,4425818.468768608,3214.0,2962988.1763457814,1968.0,6578.0,2932986.603270521,1938
2021-12-19,4115260.1894896696,2774.0,2887702.04306934,1662.0,5726.0,2871489.2449191585,1804
2021-12-20,4510192.814283825,3010.0,3081487.6957406984,1736.0,6160.0,3100303.38797533,1884
2021-12-21,4556761.774089066,2916.0,3006116.0434502615,1710.0,5890.0,3065333.789608727,1786
2021-12-22,4431549.364790345,2622.0,2986523.4558557454,1466.0,5290.0,3050213.658057591,1664
2021-12-23,4884502.930804136,2710.0,3186441.295818103,1408.0,5518.0,3256977.622976795,1662
2021-12-24,5619612.263987623,3006.0,3698257.2026038365,1584.0,6156.0,3678730.63962376,1854
2021-12-25,5877811.64510883,3116.0,3900003.6256189677,1592.0,6428.0,3882890.5859161904,1944
2021-12-26,6405357.573091216,3086.0,4312955.297566613,1640.0,6314.0,4288122.908508522,1976
2021-12-27,6719267.584977975,3192.0,4655540.918123722,1804.0,6516.0,4626450.061840691,2058
2021-12-28,6726764.79649681,3168.0,4674123.25345202,1846.0,6452.0,4613848.553662839,2042
2021-12-29,6852052.9086737735,3050.0,4834450.018499561,1728.0,6226.0,4802793.252503846,2006
2021-12-30,7556874.308830681,3172.0,5027666.301751213,1686.0,6470.0,4964799.017754565,1978
2021-12-31,7964351.6660665665,3372.0,5232507.073075281,1734.0,7026.0,5147442.729440383,2046
2022-01-01,6839359.60335701,3156.0,4417607.974110623,1662.0,6548.0,4381764.820470721,1956
2022-01-02,4553599.006572973,2536.0,3086339.7951946016,1418.0,5206.0,3043401.2674478423,1612
2022-01-03,4713558.802482629,2916.0,3022916.113758249,1816.0,5958.0,2976778.532560254,1750
2022-01-04,4497746.874375607,2946.0,2845621.0443729344,1736.0,5974.0,2778992.728743784,1744
2022-01-05,4881832.636040582,3000.0,2835611.378848096,1632.0,6048.0,2797047.831449371,1764
2022-01-06,4795306.272770829,3022.0,2764374.8192227273,1604.0,6084.0,2751871.3228874863,1780
2022-01-07,4780875.393381867,3102.0,2781193.864186134,1628.0,6300.0,2776015.3686690712,1842
2022-01-08,4502371.534672537,3002.0,2596767.9512851126,1466.0,6118.0,2564862.6621231674,1756
2022-01-09,3206499.3349510864,2226.0,2226079.9207711318,1192.0,4590.0,2195497.312386608,1526
2022-01-10,3266283.047322878,2412.0,2203443.541832959,1316.0,4930.0,2187052.908478293,1576
2022-01-11,3248185.7302647443,2402.0,2218819.276905351,1292.0,4916.0,2227465.1107967477,1566
2022-01-12,3155665.3208037987,2374.0,2143392.3246753532,1234.0,4810.0,2150221.7588972193,1546
2022-01-13,3344756.1215197733,2468.0,2267347.7294029794,1136.0,5022.0,2261166.8915203633,1584
2022-01-14,3751162.3753405474,2690.0,2498361.707392231,1236.0,5484.0,2484325.470093216,1666
2022-01-15,3919626.7430617223,2866.0,2666795.7766101393,1268.0,5812.0,2651031.242989332,1792
2022-01-16,3010508.701733561,2128.0,2257302.2106914255,992.0,4312.0,2246958.218332753,1538
2022-01-17,2983899.7796982517,2110.0,2257208.986260194,1030.0,4284.0,2232682.54184113,1530
2022-01-18,2782231.2586246734,2054.0,2061121.150190288,956.0,4176.0,2035783.3734293347,1444
2022-01-19,2839013.6250643223,2072.0,2030719.6121856035,970.0,4186.0,1998664.3069036938,1432
2022-01-20,3100726.4163273345,2202.0,2106319.743230964,916.0,4436.0,2080784.3634298889,1484
2022-01-21,3593181.7377458904,2544.0,2381580.244193566,1088.0,5058.0,2392247.2283527493,1640
2022-01-22,3652710.7295784256,2584.0,2402530.8578018276,1156.0,5172.0,2420105.6238228693,1636
2022-01-23,3322203.739557681,2146.0,2051251.7083332913,954.0,4260.0,2080005.6933497724,1400
2022-01-24,3520525.2020362257,2222.0,2026100.9026184315,1022.0,4382.0,2059923.9387181916,1430
2022-01-25,3700435.7901850143,2274.0,2110082.30138387,1006.0,4442.0,2169758.3724072096,1474
2022-01-26,3899585.4426397295,2282.0,2087084.2309963938,1010.0,4486.0,2133915.934798292,1422
2022-01-27,4693084.0778520685,2714.0,2484420.279155048,1134.0,5396.0,2516690.516503924,1652
2022-01-28,5038530.116727555,3060.0,2617409.5419392344,1296.0,6118.0,2637577.8621718925,1762
2022-01-29,5118848.007748181,3168.0,2573621.4784726338,1344.0,6330.0,2598831.6189534054,1762
2022-01-30,3683014.452142899,2220.0,2048717.744501839,970.0,4372.0,2101230.0040733158,1402
2022-01-31,2802060.4377368097,1868.0,1938852.2631456554,894.0,3678.0,1973457.2761873377,1336
2022-02-01,2627818.789759956,1850.0,1963266.2877392962,952.0,3588.0,2030506.8403775827,1344
2022-02-02,2742290.878190624,1904.0,2018811.674239346,964.0,3748.0,2088816.0681943612,1372
2022-02-03,2997582.987409725,2128.0,2118460.8971289094,1062.0,4202.0,2160547.714261544,1464
2022-02-04,3655790.493799517,2592.0,2430041.3523243554,1238.0,5250.0,2450096.7263030116,1630
2022-02-05,4014706.073038567,2976.0,2591624.46700585,1372.0,6068.0,2589225.248129822,1782
2022-02-06,3588750.242109935,2684.0,2376190.635766713,1228.0,5394.0,2372552.115553111,1648
2022-02-07,3004195.7184547912,2180.0,2142902.084829956,1094.0,4278.0,2192617.0964134443,1508
2022-02-08,3023565.0784426397,2226.0,2124239.644467883,1048.0,4386.0,2169865.3097251593,1500
2022-02-09,3112243.4357310096,2220.0,2162872.837479199,968.0,4374.0,2207005.0475145737,1522
2022-02-10,3722088.4827133166,2550.0,2481197.7282939595,1088.0,5018.0,2540282.826085872,1670
2022-02-11,3896356.689864133,2748.0,2561757.203598729,1240.0,5490.0,2613922.9365704856,1722
2022-02-12,4152523.6142305355,2928.0,2630548.241378877,1272.0,5796.0,2668038.4129573493,1774
2022-02-13,3765071.11188798,2650.0,2491777.789298867,1206.0,5216.0,2507073.157315373,1690
2022-02-14,3681042.7145753927,2686.0,2403951.773153407,1222.0,5288.0,2421209.4274335424,1670
2022-02-15,3614017.5820360137,2526.0,2422854.19439538,1226.0,4960.0,2455520.022373033,1618
2022-02-16,3773629.920860182,2558.0,2510161.729648207,1264.0,5032.0,2538705.116129786,1626
2022-02-17,4187730.7441397477,2752.0,2786044.568210113,1402.0,5424.0,2829671.822934842,1750
2022-02-18,4896700.362378732,3204.0,3125043.2032018537,1648.0,6430.0,3099295.5614901762,1900
2022-02-19,4959969.121642516,3272.0,3221162.4445640226,1672.0,6638.0,3136877.096645156,1966
2022-02-20,4600358.525126487,2898.0,3074255.804474401,1622.0,5780.0,3030041.900284879,1878
2022-02-21,4454464.644614369,2914.0,3013893.7514051944,1842.0,5732.0,3026304.959296326,1848
2022-02-22,4068717.704848962,2724.0,2730443.3886810024,1764.0,5382.0,2721201.58442552,1726
2022-02-23,3952431.684330314,2658.0,2674127.8436814393,1650.0,5212.0,2683215.529866849,1684
2022-02-24,4317002.391191695,2830.0,2873625.4187840074,1580.0,5578.0,2854024.2801436908,1790
2022-02-25,4775891.527283518,3174.0,2987425.3176565804,1842.0,6372.0,2995523.7209498268,1904
2022-02-26,5029648.845604329,3322.0,3025342.396721842,1772.0,6836.0,2982298.4123118385,1934
2022-02-27,4292166.510622899,2684.0,2609079.151997736,1354.0,5488.0,2578022.7802580637,1634
2022-02-28,4270918.250330365,2730.0,2609944.297279594,1458.0,5620.0,2556523.2797038276,1650
2022-03-01,4397004.346851551,2892.0,2675527.3218914857,1550.0,5952.0,2638905.673454938,1710
2022-03-02,4412403.064353943,2854.0,2652473.3031395623,1522.0,5902.0,2612746.8321918715,1692
2022-03-03,4524803.31474638,2916.0,2691977.0781869036,1490.0,6020.0,2653896.4901135447,1706
2022-03-04,4687543.025409653,3034.0,2845329.710860276,1504.0,6322.0,2779189.423218581,1760
2022-03-05,4541912.047927818,3126.0,2867720.977490171,1638.0,6382.0,2817052.807890674,1808
2022-03-06,3923701.7020327114,2628.0,2646263.394135666,1438.0,5278.0,2628595.7978292974,1674
2022-03-07,4217257.347447561,2714.0,2804833.8301168545,1516.0,5458.0,2775217.3826922965,1698
2022-03-08,3999935.906025827,2602.0,2710695.2680677315,1468.0,5202.0,2690540.710921604,1658
2022-03-09,4192771.1080577564,2636.0,2845909.2293972247,1440.0,5294.0,2798347.4517634436,1702
2022-03-10,4729448.26605747,2952.0,3001603.6937660733,1514.0,5966.0,2943690.9095191336,1778
2022-03-11,5242125.351443677,3262.0,3185206.2761802156,1662.0,6600.0,3099749.0933581507,1852
2022-03-12,5467670.551701814,3402.0,3334547.153376809,1782.0,6866.0,3258102.1169589045,1924
2022-03-13,4902207.92022217,2802.0,3248677.5770550994,1746.0,5574.0,3193443.3015415603,1774
2022-03-14,5188376.78604208,3038.0,3436629.5951438895,2116.0,6058.0,3363496.6104319445,1886
2022-03-15,5323057.241934954,3134.0,3497513.360647022,2202.0,6224.0,3466965.442339848,1936
2022-03-16,4993604.3329979,2898.0,3225298.0563288014,2026.0,5700.0,3219897.05966015,1828
2022-03-17,5103801.266505719,2864.0,3309361.0536511727,1964.0,5620.0,3308448.1087947884,1828
2022-03-18,5643832.192498317,3152.0,3641612.7034717775,1914.0,6330.0,3578692.0990375536,1942
2022-03-19,6036740.816946194,3588.0,3796326.020223769,2222.0,7378.0,3682811.038125072,2076
2022-03-20,5863216.308660452,3520.0,3708423.8785615102,2172.0,7186.0,3648640.3163204384,2066
2022-03-21,5101809.791748209,3024.0,3313736.58275249,2062.0,6064.0,3254974.780013067,1846
2022-03-22,4927689.196686349,2980.0,3185230.570137099,2132.0,6032.0,3099189.2268095743,1810
2022-03-23,4868942.229933288,2914.0,3182660.768144351,2030.0,5868.0,3116394.9936532867,1818
2022-03-24,4957742.40954727,3020.0,3315195.8994850055,1996.0,6098.0,3274410.8601285014,1924
2022-03-25,5010809.180488507,3236.0,3261834.382502798,2010.0,6558.0,3213699.828092379,1946
2022-03-26,4998081.479936765,3272.0,3246497.582228998,1960.0,6608.0,3213114.4021470286,1958
2022-03-27,4571004.581248603,3034.0,2934981.290260056,2026.0,6056.0,2938482.5450191866,1806
2022-03-28,4656892.883898704,3078.0,2887625.798804003,2208.0,6142.0,2866337.6697892826,1782
2022-03-29,4467834.714887093,2968.0,2845992.789254163,2100.0,5918.0,2829775.2821586453,1780
2022-03-30,4230997.7607714385,2760.0,2848343.0708713615,1980.0,5488.0,2826267.526300002,1724
2022-03-31,4201951.162775733,2682.0,2868952.0964576127,1844.0,5320.0,2847310.457161928,1710
2022-04-01,4816480.839615836,3198.0,3208979.6244294723,2232.0,6426.0,3179725.757934243,1968
2022-04-02,4971131.0249329405,3362.0,3335414.622495598,2234.0,6784.0,3299569.678570123,2034
2022-04-03,4395612.854362813,2920.0,3063372.439781192,1918.0,5826.0,3071100.748623629,1880
2022-04-04,4448380.32004487,3004.0,3104579.527094309,2066.0,5942.0,3108307.3549652807,1890
2022-04-05,4257513.523944954,2946.0,2945188.8827542937,2030.0,5798.0,2956943.842907569,1870
2022-04-06,4312314.882837878,2958.0,2962295.9200401665,2024.0,5874.0,2959659.0903164227,1866
2022-04-07,4361028.369806759,2932.0,2958430.51755996,1908.0,5874.0,2950454.377155594,1850
2022-04-08,4629876.49164353,3074.0,3092376.9323648005,1966.0,6302.0,3071031.6911398084,1894
2022-04-09,5216479.438984225,3332.0,3438786.717299394,2170.0,6870.0,3371590.068072342,2016
2022-04-10,5255929.751129298,3094.0,3482178.4125720398,2180.0,6352.0,3386718.9437034894,1924
2022-04-11,5426551.610526962,3224.0,3565100.6947683613,2274.0,6542.0,3483951.828587932,1970
2022-04-12,5308378.394421594,3288.0,3518672.465252223,2322.0,6714.0,3504904.667465437,1996
2022-04-13,5565732.7943987455,3210.0,3546672.0774287865,2314.0,6546.0,3521047.8044586307,1920
2022-04-14,6587843.222158152,3562.0,4110911.794096251,2384.0,7354.0,4042645.0306948526,2078
2022-04-15,6610835.102275811,3528.0,4188542.645222171,2282.0,7304.0,4141857.2739997036,2098
2022-04-16,6335942.656333388,3462.0,4013239.8664668216,2368.0,7144.0,3987606.8853720087,2058
2022-04-17,4745624.172602876,2750.0,3228767.060602766,2046.0,5564.0,3239435.285866478,1782
2022-04-18,5403764.443761665,3222.0,3492299.1789990524,2402.0,6578.0,3494624.2138335337,1934
2022-04-19,5498143.745483206,3374.0,3568284.0753688468,2556.0,6918.0,3579393.3447042187,2018
2022-04-20,5526303.092508466,3364.0,3582936.7103030765,2420.0,6910.0,3596658.7673818003,2014
2022-04-21,5560091.398783864,3342.0,3542428.4347508755,2322.0,6852.0,3545111.6604180387,2014
2022-04-22,5302056.442316824,3234.0,3410286.744899706,2064.0,6598.0,3439288.002230815,1962
2022-04-23,4866438.720112162,3104.0,3204289.8729047603,1882.0,6340.0,3200525.824431657,1892
2022-04-24,4157254.808502846,2838.0,2717368.280561499,1852.0,5718.0,2704660.1780766225,1702
2022-04-25,4177482.6960378923,2996.0,2660210.593322045,1840.0,5976.0,2660723.247078531,1748
2022-04-26,4085810.0769724753,2988.0,2537543.761092771,1780.0,5982.0,2493027.9986126614,1714
2022-04-27,3885262.2835322274,2830.0,2444928.3442918085,1656.0,5656.0,2409526.2755956887,1646
2022-04-28,4114423.736761134,2856.0,2645970.8050179537,1472.0,5686.0,2613744.3993800604,1710
2022-04-29,4514070.984851493,3106.0,2803627.1548263975,1824.0,6264.0,2758689.6290703104,1764
2022-04-30,4524155.528633872,3124.0,2822245.1241793344,1882.0,6394.0,2771540.7911675945,1790
2022-05-01,3543812.07666357,2470.0,2348369.105479308,1388.0,5012.0,2315250.7148903003,1552
2022-05-02,3827675.5787558625,2718.0,2370528.7353492402,1586.0,5456.0,2352262.8521295562,1594
2022-05-03,3646128.8001513346,2630.0,2247406.201970751,1596.0,5328.0,2205160.4195027463,1522
2022-05-04,3565376.58764638,2522.0,2238665.030849251,1418.0,5126.0,2183057.558314024,1538
2022-05-05,4270732.335383455,2942.0,2646272.0000562533,1542.0,6026.0,2541290.480766987,1766
2022-05-06,4541277.063538675,3198.0,2756563.3053491316,1658.0,6624.0,2664278.7248310857,1840
2022-05-07,4320078.584079212,3108.0,2634021.6546117207,1696.0,6430.0,2591787.31812867,1770
2022-05-08,3519647.125894561,2634.0,2217198.226508135,1670.0,5354.0,2197077.3660685383,1562
2022-05-09,3567797.855103264,2786.0,2200945.4134173775,1788.0,5638.0,2183407.1282182764,1594
2022-05-10,3329231.601443231,2578.0,2144868.854131537,1664.0,5198.0,2153540.1280003404,1556
2022-05-11,3001875.070240466,2302.0,1965654.970340796,1392.0,4644.0,1938607.6162946608,1456
2022-05-12,3584641.2501188824,2784.0,2088133.1008608115,1678.0,5668.0,2030676.4403806448,1518
2022-05-13,4050364.7266659862,3094.0,2337720.8435038193,1752.0,6360.0,2288741.4649041328,1654
2022-05-14,4225747.33015748,3180.0,2475995.6808373993,1810.0,6554.0,2384383.717829586,1726
2022-05-15,3360840.970956693,2552.0,2105023.371635108,1508.0,5168.0,2061810.3062876062,1518
2022-05-16,3835713.2863443913,2942.0,2357239.5060652774,1718.0,5858.0,2318528.343898748,1702
2022-05-17,3685229.4685575916,2838.0,2301045.665290629,1682.0,5660.0,2250703.4283415624,1660
2022-05-18,3695608.264509145,2780.0,2361127.8890220835,1632.0,5544.0,2305940.4094480914,1682
2022-05-19,3980493.626921356,2986.0,2428754.148692248,1604.0,5936.0,2423028.523379981,1726
2022-05-20,4625261.558292941,3226.0,2755890.8227539556,1684.0,6590.0,2694064.051569647,1792
2022-05-21,4571598.967791468,3308.0,2638568.1182469754,1738.0,6802.0,2555257.8264962714,1800
2022-05-22,3879553.759433364,2752.0,2389166.5282224896,1542.0,5620.0,2314600.664741043,1622
2022-05-23,4226409.430203895,3146.0,2503862.2176696714,2084.0,6400.0,2430671.835667523,1762
2022-05-24,4144320.7189762318,3074.0,2508712.928847422,2114.0,6252.0,2438553.275779244,1768
2022-05-25,3553745.243555112,2902.0,2292806.499844575,1958.0,5988.0,2243406.0578006464,1650
2022-05-26,4002185.897366896,3034.0,2492045.43040232,1820.0,6284.0,2418012.466649005,1706
2022-05-27,4337126.133461224,3130.0,2576284.6988110202,2054.0,6404.0,2485490.4850699473,1698
2022-05-28,4536470.175919743,3288.0,2642154.6469915463,2122.0,6736.0,2565913.00621255,1742
2022-05-29,3952118.7613282297,2802.0,2354961.636992817,1852.0,5708.0,2281450.4905166253,1574
2022-05-30,4029798.393623462,2986.0,2284181.130945401,2042.0,6070.0,2240453.9432388437,1558
2022-05-31,3711264.963711127,2794.0,2224340.9405488875,1898.0,5610.0,2191108.464846657,1540
2022-06-01,3605020.8495815215,2614.0,2218055.2799514807,1668.0,5288.0,2176772.6748489914,1524
2022-06-02,3865862.7889330876,2850.0,2304977.139997662,1776.0,5824.0,2201748.711397994,1586
2022-06-03,4389938.242376087,3210.0,2505328.1269806405,1954.0,6740.0,2384204.7493972224,1678
2022-06-04,4280951.245777987,3158.0,2467656.529461578,1894.0,6588.0,2328903.5158017147,1706
2022-06-05,3973053.788652913,2884.0,2300126.989320474,1790.0,5904.0,2206252.811912572,1576
2022-06-06,4282775.734613621,3150.0,2460812.3589896504,1996.0,6458.0,2363199.217551426,1686
2022-06-07,4183381.782807691,3136.0,2418471.691196072,1928.0,6320.0,2345984.8875356056,1706
2022-06-08,4104763.0461206282,2954.0,2445246.7390760686,1754.0,5952.0,2386735.9977223934,1702
2022-06-09,4215271.603429896,2988.0,2424622.469108124,1702.0,6010.0,2389785.2403992075,1668
2022-06-10,5003836.0276149865,3452.0,2585871.233194843,1926.0,6866.0,2621181.226813021,1710
2022-06-11,4774223.095431963,3304.0,2521169.30874078,1870.0,6678.0,2547253.2603851333,1672
2022-06-12,3574010.970471121,2528.0,2078228.3030776256,1606.0,5194.0,2025976.1947529619,1408
2022-06-13,4090777.32074113,2872.0,2332679.9035248184,1974.0,5964.0,2216753.362352697,1560
2022-06-14,4093922.1432856508,2914.0,2359639.797753738,1942.0,6046.0,2279296.756906007,1610
2022-06-15,3939679.2424981967,2750.0,2311618.9850679277,1792.0,5696.0,2214896.8654070217,1578
2022-06-16,4150470.9339697347,2828.0,2513622.516641698,1644.0,5830.0,2428536.6282191304,1680
2022-06-17,4590348.992988465,3088.0,2555463.744318422,1934.0,6450.0,2445688.413892684,1644
2022-06-18,4583749.451954922,3140.0,2559239.7606051164,1916.0,6552.0,2454727.2835346567,1638
2022-06-19,3928214.563021194,2700.0,2304399.236088157,1636.0,5626.0,2205184.333113334,1514
2022-06-20,4346185.3336005965,3054.0,2539924.9829077013,1864.0,6332.0,2447626.910794865,1686
2022-06-21,4361827.869590485,3024.0,2568029.6631858735,1842.0,6254.0,2474609.486335327,1682
2022-06-22,4063882.4031405966,2812.0,2485801.5392660177,1620.0,5794.0,2412268.5611069887,1648
2022-06-23,4314099.519436244,2890.0,2509276.6882802057,1548.0,5972.0,2439853.297437779,1650
2022-06-24,4593771.597750198,3188.0,2574004.184820338,1834.0,6698.0,2477930.198440654,1684
2022-06-25,4571234.859275884,3194.0,2392232.5634822175,1766.0,6708.0,2303351.7676688726,1598
2022-06-26,4254045.983178836,2856.0,2261744.813554199,1746.0,5910.0,2195551.210778526,1508
2022-06-27,4732669.041232993,3290.0,2532764.725569432,2122.0,6802.0,2454289.070123405,1642
2022-06-28,4485694.606992218,3126.0,2388097.5181147964,2084.0,6470.0,2309124.9131438173,1574
2022-06-29,4330603.385156697,3040.0,2426756.3312678705,2074.0,6328.0,2336806.771077716,1572
2022-06-30,4083444.6039247275,2832.0,2392357.9168260843,1822.0,5898.0,2329486.380432078,1542
2022-07-01,4649658.09407948,3078.0,2644450.6011102404,1870.0,6360.0,2593912.2590480577,1636
2022-07-02,4827841.946635533,3146.0,2878558.307395131,1868.0,6544.0,2775023.584529994,1752
2022-07-03,4223043.5115552815,2756.0,2560727.5526951654,1702.0,5760.0,2471737.4870731165,1572
2022-07-04,4333309.946183522,2828.0,2599090.9315536306,1808.0,5938.0,2475205.378433106,1600
2022-07-05,4201954.708904779,2812.0,2507229.179830571,1748.0,5848.0,2418563.912394743,1590
2022-07-06,4610642.150213839,2994.0,2451772.5885299267,1700.0,6352.0,2372410.9676271314,1524
2022-07-07,4472277.168128796,2844.0,2473521.890902945,1616.0,5994.0,2416315.7141073104,1494
2022-07-08,4772756.4150079815,3028.0,2590174.456079628,1740.0,6418.0,2528157.155274598,1530
2022-07-09,4804467.763062469,3048.0,2789814.6620159126,1782.0,6552.0,2704962.045639887,1662
2022-07-10,4366594.197395283,2870.0,2720518.7245621923,1684.0,6084.0,2631899.208174118,1654
2022-07-11,4578589.886223396,2988.0,2943041.0823913165,1838.0,6326.0,2819163.308501992,1788
2022-07-12,4497533.293649423,2922.0,2862495.561332893,1822.0,6178.0,2736720.4412881513,1772
2022-07-13,4402170.432014415,2884.0,2805758.7788640475,1724.0,6022.0,2725322.5950574586,1766
2022-07-14,4614458.185003159,2866.0,2891832.9576135385,1782.0,6000.0,2778186.354244578,1720
2022-07-15,4844026.228585548,3030.0,2961670.3706687177,1710.0,6372.0,2872590.723588522,1764
2022-07-16,4849480.345707868,3074.0,2911630.556464857,1754.0,6506.0,2822723.38938375,1750
2022-07-17,4576950.793636729,2874.0,2853395.3027567184,1808.0,5988.0,2793577.6934954994,1712
2022-07-18,4918752.498212932,3124.0,3076109.065423386,2058.0,6506.0,2993224.234771583,1860
2022-07-19,4847495.539879113,3102.0,3132659.8868841776,2046.0,6504.0,3030831.839146693,1896
2022-07-20,4822890.616877974,3096.0,3243217.4056963976,2000.0,6486.0,3139487.2271313,1964
2022-07-21,5142931.090329545,3084.0,3298888.142685155,1930.0,6470.0,3197475.2241862644,1912
2022-07-22,5528075.730845076,3308.0,3438077.2599224434,2018.0,6884.0,3355193.813562844,1954
2022-07-23,5782735.342827674,3394.0,3528103.2232613824,2088.0,7004.0,3521706.7591772676,1944
2022-07-24,5284040.053966712,3084.0,3242207.3242640365,2046.0,6286.0,3207044.089507787,1804
2022-07-25,5324392.316998053,3276.0,3102257.3218370765,2226.0,6726.0,3052040.777421714,1822
2022-07-26,5339116.514789079,3330.0,3131366.9809784926,2188.0,6840.0,3098700.8815674735,1880
2022-07-27,5174108.972537477,3276.0,3104976.4781406308,2152.0,6710.0,3113876.711377696,1886
2022-07-28,5252045.017518211,3234.0,3192957.880501126,2032.0,6730.0,3185702.721221945,1884
2022-07-29,5113263.474165496,3266.0,3045155.1025432358,2006.0,6836.0,2984323.5033500153,1844
2022-07-30,4986713.5777067905,3178.0,3036221.0195154557,1974.0,6730.0,2930311.5602969476,1806
2022-07-31,4338752.882410697,2800.0,2745524.919462393,1904.0,5864.0,2672812.3050817866,1662
2022-08-01,4940175.299707356,3184.0,2952747.3552180394,2256.0,6728.0,2846117.3251749543,1808
2022-08-02,4694672.494958518,3208.0,2786681.7971147303,2284.0,6746.0,2678202.9203650337,1804
2022-08-03,4731422.368541914,3166.0,2897641.671101227,2278.0,6672.0,2804162.6702321647,1834
2022-08-04,4636082.870400261,3126.0,2804895.2709403895,2260.0,6566.0,2705950.8255796432,1782
2022-08-05,4816935.770318695,3214.0,2954405.958028742,2096.0,6718.0,2895262.930659377,1824
2022-08-06,4765631.8533149185,3146.0,2980905.1777924197,2074.0,6582.0,2919209.5658533205,1816
2022-08-07,4209232.277274223,2772.0,2763281.9765299843,1952.0,5764.0,2701080.1339185494,1736
2022-08-08,4693297.311265072,3038.0,3035848.112151589,2200.0,6306.0,2964006.0194398765,1818
2022-08-09,4617082.667075819,3026.0,2913771.3822197295,2182.0,6240.0,2864383.1202157987,1774
2022-08-10,4708259.247983333,3052.0,3037057.1272591446,2238.0,6358.0,3009493.9554690556,1824
2022-08-11,4848214.509159121,3150.0,3096268.4837788017,2156.0,6544.0,3072314.3912786483,1874
2022-08-12,4865973.535072644,3224.0,3045449.2430633325,1972.0,6750.0,2991554.0861180844,1864
2022-08-13,4917161.436392101,3320.0,3038295.305910186,1986.0,6962.0,2985016.06845761,1894
2022-08-14,3896390.7606903063,2678.0,2499867.289857297,1824.0,5516.0,2479445.843506503,1624
2022-08-15,4039543.589916628,2882.0,2457837.96207738,2012.0,5884.0,2437854.6488461536,1622
2022-08-16,4287310.513896777,3110.0,2397591.878641658,1970.0,6192.0,2429395.8508411,1674
2022-08-17,4008177.7967613605,2968.0,2210586.923934116,1872.0,5882.0,2263686.7496447586,1610
2022-08-18,3593565.7632754752,2862.0,2115199.8948119367,1848.0,5954.0,2082295.0313212606,1554
2022-08-19,3660544.124098924,2908.0,2094068.5823229575,1846.0,6116.0,2009909.0711701561,1526
2022-08-20,3672717.210018025,2950.0,2114968.6394671244,1874.0,6200.0,2051195.4202736844,1546
2022-08-21,3297064.915768753,2594.0,2005802.4974243748,1910.0,5378.0,1961997.5160594934,1440
2022-08-22,3460903.223348937,2754.0,2066910.6964478067,1960.0,5672.0,2030785.7723038464,1514
2022-08-23,3551381.318173412,2830.0,2141598.2169001778,2026.0,5868.0,2098032.6303535374,1584
2022-08-24,3336897.7888996266,2624.0,2053609.1963711684,1846.0,5392.0,2044004.314891037,1504
2022-08-25,3495481.1818773123,2722.0,2024086.2394673235,1766.0,5642.0,1964841.2035882897,1494
2022-08-26,3894805.035501882,2934.0,2149475.842960167,1768.0,6200.0,2061537.4863268451,1548
2022-08-27,3698552.6055192696,2804.0,2127387.682884495,1724.0,5918.0,2043070.2355123165,1532
2022-08-28,2610481.7721977136,2044.0,1663769.3701264167,1312.0,4218.0,1586769.2309517788,1246
2022-08-29,2927953.755453678,2380.0,1709235.2824399334,1514.0,4900.0,1641016.1409034426,1318
2022-08-30,2873641.1286613187,2416.0,1631900.9323121652,1548.0,4970.0,1572766.2143326062,1302
2022-08-31,2414843.579999428,2016.0,1536242.510202887,1198.0,4068.0,1492606.2754397828,1234
2022-09-01,2922437.090608108,2292.0,1731393.021510317,1220.0,4650.0,1675004.7287143297,1314
2022-09-02,3286372.4001981374,2622.0,1886876.5195046987,1232.0,5418.0,1793149.8964516977,1452
2022-09-03,3625640.7920880257,2894.0,2083476.845311508,1334.0,6050.0,1971367.6228786595,1594
2022-09-04,2901412.5436243815,2388.0,1779028.9591441825,1176.0,4866.0,1718753.0959449648,1424
2022-09-05,2876978.3156063324,2452.0,1759292.2898964244,1304.0,4964.0,1706854.5569857545,1408
2022-09-06,2618609.1841111286,2282.0,1622358.4933788816,1132.0,4600.0,1575164.9462708104,1336
2022-09-07,2538574.6756206285,2242.0,1564120.4897472877,1090.0,4520.0,1517578.1877639566,1324
2022-09-08,2683314.841963211,2372.0,1616475.3100303672,1136.0,4770.0,1568054.9969674607,1364
2022-09-09,3466764.0333386874,2816.0,1996860.0382496696,1234.0,5750.0,1876198.723984373,1418
2022-09-10,3868847.69237981,2766.0,2008473.7313704633,1228.0,5684.0,1884220.4131236405,1292
2022-09-11,3266982.6577032562,2046.0,1459559.4332978409,854.0,4140.0,1376793.550730499,884
2022-09-12,3248094.120025997,1954.0,1369987.0019654834,822.0,3916.0,1302862.0626990758,808
2022-09-13,2726793.1427413826,1808.0,960159.3383677388,796.0,3660.0,969138.7084145992,690
2022-09-14,2487505.2416393873,1758.0,1001426.982539972,750.0,3566.0,1026400.849119622,682
2022-09-15,3231000.179476053,2552.0,1107988.2457612592,976.0,5228.0,1104378.0245510428,760
2022-09-16,3860608.2153779212,3062.0,1210180.3105267363,1090.0,6364.0,1154298.2531228727,828
2022-09-17,3757737.2378066126,3012.0,1145006.621106835,1058.0,6270.0,1075731.9592551917,812
2022-09-18,2310508.7694215593,1922.0,957475.4711356089,724.0,3946.0,921281.4477228627,716
2022-09-19,2700749.7425547196,2158.0,1059627.8676624307,824.0,4440.0,1013321.5398058022,738
2022-09-20,2648285.2730442956,2086.0,1020790.0258701222,818.0,4242.0,997438.4468431589,694
2022-09-21,2630084.4387583816,1976.0,1010747.0210406388,848.0,4042.0,999537.6418178568,686
2022-09-22,2989907.132041138,2240.0,1040091.3792318825,906.0,4616.0,1040768.1042687304,698
2022-09-23,3848517.2942459034,2894.0,1180578.5693193458,1090.0,5946.0,1165307.7037045266,776
2022-09-24,3723521.910035235,2892.0,1143913.112019909,1104.0,5948.0,1114945.5882571235,772
2022-09-25,2954725.157153312,2256.0,994132.2268000453,938.0,4568.0,961299.464785126,676
2022-09-26,3260785.616659964,2330.0,995541.2031286292,1030.0,4722.0,965199.2061398069,668
2022-09-27,3299064.556540532,2228.0,946288.0725302234,952.0,4510.0,890563.9163671565,608
2022-09-28,3379403.0098295435,2122.0,933738.009511409,1040.0,4282.0,874392.2584906679,634
2022-09-29,4599658.677983594,2630.0,1050398.3713600847,1092.0,5302.0,986340.4786461983,666
2022-09-30,4708241.794542167,2932.0,1134736.784157388,1174.0,5862.0,1091925.583552131,690
2022-10-01,5250244.3943437105,3080.0,1230197.562569616,1222.0,6190.0,1191446.845361247,736
2022-10-02,3424587.836682186,2090.0,1124581.3342061623,1200.0,4164.0,1092619.3456199234,680
2022-10-03,3589099.2463300778,2352.0,1074047.6561557876,1190.0,4656.0,1057401.5193769208,686
2022-10-04,3187225.8137635444,2238.0,1062761.6806683566,1138.0,4424.0,1045895.2977484365,680
2022-10-05,2858701.5157149723,2142.0,1018515.7793583443,1104.0,4270.0,1010910.9318607524,666
2022-10-06,2837982.1639768407,2260.0,1000253.8701456788,1158.0,4564.0,991262.588872369,670
2022-10-07,3302897.079248555,2740.0,996226.6556498471,1106.0,5606.0,972926.1211307638,716
2022-10-08,3817606.5393565907,3138.0,1006912.4533512876,1150.0,6468.0,962549.0267786831,718
2022-10-09,3841895.656679185,2718.0,800687.3712901124,830.0,5562.0,757622.7879579683,624
2022-10-10,4007861.810332391,2994.0,877583.7064561433,1076.0,6090.0,839714.4624493538,666
2022-10-11,3649568.3799083186,2696.0,840937.2847244936,1086.0,5480.0,793116.4375362023,642
2022-10-12,3378920.5726584126,2376.0,821759.75306775,1062.0,4856.0,768940.8596592281,628
2022-10-13,3952727.166450747,2842.0,872095.1899471632,1046.0,5814.0,814234.6546135228,652
2022-10-14,4375501.559303929,3160.0,917975.5308230827,1118.0,6526.0,863203.2863820023,664
2022-10-15,4319915.202747759,3106.0,927994.6945261369,1036.0,6372.0,876603.0435203012,670
2022-10-16,3609582.807535818,2534.0,824607.3788232482,912.0,5262.0,791387.0186130541,626
2022-10-17,3913850.3038571696,2714.0,936324.0021645123,968.0,5570.0,916666.6076207572,646
2022-10-18,4008134.9719577977,2820.0,944505.576840528,966.0,5792.0,920146.8914669397,652
2022-10-19,2522227.4884295077,2008.0,911438.9819191501,1004.0,4170.0,888794.9868190179,632
2022-10-20,2871613.453966653,2372.0,893298.66852802,1012.0,4862.0,855789.0495682252,660
2022-10-21,3487966.6860148064,2898.0,973389.7408760963,942.0,5914.0,925488.253681938,666
2022-10-22,3727491.398154338,3086.0,1011447.6979608699,1018.0,6310.0,950295.7353981192,680
2022-10-23,2586909.700540063,2190.0,857658.2415837932,934.0,4516.0,799802.2835549463,600
2022-10-24,2822963.338024314,2404.0,938118.5111555707,1074.0,4932.0,881751.1490448383,656
2022-10-25,2675152.108413996,2256.0,894913.6142328096,1054.0,4620.0,852579.3306398359,642
2022-10-26,2495066.5000430183,2064.0,843901.7270090089,912.0,4220.0,806880.1083406612,616
2022-10-27,2913364.528512734,2374.0,854535.584230398,984.0,4794.0,840668.1263592426,616
2022-10-28,3230660.37721719,2656.0,920377.0475752517,912.0,5360.0,904390.7514699094,654
2022-10-29,3386911.704547278,2826.0,931341.1530020204,918.0,5722.0,926955.6598201457,666
2022-10-30,2626158.1684135543,2230.0,860173.5737084243,804.0,4498.0,863380.4544530133,594
2022-10-31,2735845.1483212975,2486.0,922646.2306684571,872.0,4992.0,913739.9590140405,626
2022-11-01,2886798.202065487,2522.0,942235.3652445022,920.0,5028.0,954965.143149449,656
2022-11-02,2668880.1542674513,2276.0,935854.6855636556,838.0,4524.0,943924.1950925863,666
2022-11-03,3173140.953477676,2498.0,944725.0391955787,890.0,5004.0,941417.458110927,692
2022-11-04,3818009.1205415498,2986.0,1137512.5337582433,940.0,5970.0,1126732.539285439,774
2022-11-05,3992024.379415407,3164.0,1238959.4923535653,958.0,6342.0,1212936.7782224533,820
2022-11-06,3133801.5350979622,2626.0,1038329.6708861508,862.0,5200.0,1051289.3799755753,736
2022-11-07,3201229.601979203,2762.0,998148.9282171137,1028.0,5486.0,1013193.2319320516,728
2022-11-08,3080846.506452625,2650.0,982407.0181001503,1018.0,5288.0,995863.8322573056,732
2022-11-09,3090906.1434113937,2542.0,1000858.7898090791,1076.0,5108.0,1012598.313959197,736
2022-11-10,3480151.0878376276,2778.0,1115085.5825402483,876.0,5572.0,1119674.3993650216,774
2022-11-11,3725701.1647928855,3100.0,1134658.3055728269,788.0,6246.0,1135453.9949657265,772
2022-11-12,3759703.125257231,3016.0,1202214.0302102831,812.0,6074.0,1183778.1793965579,770
2022-11-13,2990924.17417394,2412.0,1086823.5354031783,812.0,4858.0,1067064.228799926,748
2022-11-14,3029981.632418197,2442.0,1063486.4383808905,900.0,4930.0,1034044.2909412397,742
2022-11-15,3037761.3570931144,2484.0,984069.2037763959,942.0,4998.0,965986.048601349,718
2022-11-16,2797857.7302229526,2196.0,1031899.9142644353,992.0,4412.0,1110523.6106445005,684
2022-11-17,2626882.737424117,2042.0,1050160.7776358274,946.0,4108.0,1135056.2065875742,696
2022-11-18,3457449.797709718,2664.0,1146154.4019091115,1300.0,5394.0,1227428.8952891126,718
2022-11-19,4389813.742968854,3322.0,1205314.7963544682,1538.0,6778.0,1192261.145650377,780
2022-11-20,5016527.854568258,3198.0,1251435.6163499237,1522.0,6540.0,1226688.1881082088,750
2022-11-21,4360107.578592135,2668.0,1178961.9340127888,1258.0,5442.0,1132204.876225541,702
2022-11-22,3956263.5680085374,2454.0,1100339.1249239366,1192.0,5006.0,1054302.3881421527,676
2022-11-23,4065500.2859644676,2572.0,1209243.5653829363,1194.0,5242.0,1159837.0081387998,726
2022-11-24,3864680.7186683915,2732.0,1247415.1319370065,1160.0,5546.0,1221717.618434116,764
2022-11-25,4263032.9255631175,3106.0,1231003.652511979,1196.0,6302.0,1195104.0140069602,762
2022-11-26,3882445.370205009,2902.0,1113824.7913549403,1028.0,5874.0,1100208.6753950047,722
2022-11-27,3005267.288484776,2348.0,921205.7844247835,926.0,4726.0,886251.2761100858,638
2022-11-28,3119499.2828162527,2440.0,948697.5369013755,944.0,4918.0,887906.339512728,622
2022-11-29,3108093.639078183,2358.0,1012607.0333056637,920.0,4742.0,956423.5783986594,614
2022-11-30,2789246.283136187,2166.0,973773.7066280762,924.0,4352.0,921994.555774469,610
2022-12-01,3368115.1373707484,2404.0,1077265.608400723,1058.0,4818.0,1014828.6522450063,656
2022-12-02,4093923.2990335347,2918.0,1157753.2008104057,1114.0,5902.0,1091713.255266631,708
2022-12-03,4054625.232322821,2898.0,1226854.2201475871,1056.0,5842.0,1175951.0424107926,746
2022-12-04,3241769.461726346,2296.0,1163152.0595324447,918.0,4580.0,1128281.1097175037,704
2022-12-05,3389219.4485888802,2348.0,1153160.5731420068,972.0,4650.0,1118821.1331715903,710
2022-12-06,3337166.740309865,2416.0,1115692.4382972827,1062.0,4796.0,1088329.680333002,694
2022-12-07,3211602.6161354105,2306.0,1091606.6356658349,1052.0,4556.0,1071876.5872116236,686
2022-12-08,3426847.658681601,2600.0,1125857.0919586844,1082.0,5146.0,1101337.5535507326,726
2022-12-09,3541426.452462292,2508.0,1106750.7939437246,1056.0,5000.0,1079060.963744266,718
2022-12-10,3499754.5754593215,2504.0,1069014.298590389,1034.0,5072.0,1008256.3742848302,670
2022-12-11,2810604.858564578,2228.0,926433.247967426,1016.0,4500.0,865920.5110867165,614
2022-12-12,2886865.7419596156,2238.0,931468.9959189247,1016.0,4512.0,896502.3919832343,590
2022-12-13,2912042.503304566,2314.0,952234.9185624089,948.0,4688.0,916603.8555749432,608
2022-12-14,2526511.481812699,2006.0,913184.95866663,850.0,4042.0,884264.8385045796,570
2022-12-15,3983057.237948386,2382.0,1046798.1996581131,960.0,4856.0,995490.018460621,620
2022-12-16,4174038.283444276,2536.0,1170689.464765444,1146.0,5154.0,1133810.5734026872,688
2022-12-17,4821294.946636191,2782.0,1223420.6251833704,1190.0,5662.0,1173356.3652066994,676
2022-12-18,4125525.7709890516,2734.0,1292645.023339592,1190.0,5540.0,1253906.5971014507,700
2022-12-19,4118343.01083959,2738.0,1442132.1163424638,1278.0,5566.0,1394943.048532682,726
2022-12-20,4272620.271405779,2754.0,1463861.2438919349,1384.0,5594.0,1409817.8797892574,724
2022-12-21,3273750.9851546474,2206.0,1276178.4417157657,1260.0,4440.0,1272736.73827647,658
2022-12-22,3363085.0414091633,1982.0,1366778.0606894214,1272.0,4032.0,1360338.5642055275,648
2022-12-23,5034474.692598548,2910.0,1460077.6084400301,1674.0,5998.0,1449409.9936125411,698
2022-12-24,5814185.82056875,3254.0,1664925.8949577394,1904.0,6730.0,1670010.81765548,730
2022-12-25,5418987.742313921,3010.0,1669679.4756338089,1830.0,6192.0,1658370.9584144051,748
2022-12-26,5252745.524113617,2946.0,1687564.4834186872,1662.0,6020.0,1676701.8360134063,740
2022-12-27,5501521.797005091,2576.0,1934488.7986368635,1402.0,5194.0,2002096.2414202383,730
2022-12-28,5389739.827146011,2494.0,1893028.0989582827,1414.0,5038.0,1967172.673049354,716
2022-12-29,5350941.424016756,2310.0,1871920.282558911,1408.0,4672.0,1965351.983608774,698
2022-12-30,6376976.548165252,2968.0,2056104.301152438,1534.0,6022.0,2162059.8392694187,750
2022-12-31,6952155.076740241,3010.0,2069854.6119934109,1582.0,6174.0,2060243.749964213,734
2023-01-01,5195552.912153574,2508.0,1550822.4263411346,1204.0,5184.0,1528119.9521068863,628
2023-01-02,2876067.9368560826,1424.0,1162351.7209573798,902.0,2930.0,1173929.6858504906,516
2023-01-03,2159540.7668006816,1258.0,913920.0402580829,832.0,2564.0,918746.2516543813,480
2023-01-04,1816613.012353686,1086.0,791360.994379496,814.0,2176.0,799634.214882375,436
2023-01-05,2055518.8556192345,1272.0,834836.4446801727,794.0,2554.0,826909.4637466066,448
2023-01-06,2091467.647725953,1358.0,782586.7172691019,686.0,2754.0,760113.4861714095,424
2023-01-07,1852296.7015758462,1258.0,698933.8119324106,614.0,2576.0,695116.2159428066,394
2023-01-08,1243793.7196486655,812.0,610610.6912543483,578.0,1662.0,612885.3784033714,360
2023-01-09,1270408.8928613733,860.0,569799.8699045981,582.0,1780.0,559116.4030621017,356
2023-01-10,1206115.2287380607,834.0,567893.8557139912,552.0,1710.0,564354.0659484114,358
2023-01-11,1207166.1662766456,800.0,591384.1801134346,486.0,1654.0,571623.1507810479,352
2023-01-12,1165821.632940844,774.0,577501.0696946663,448.0,1620.0,558683.0507191339,342
2023-01-13,1209122.337492117,868.0,600875.8035950279,486.0,1792.0,582914.3581408472,354
2023-01-14,1157801.3736579067,850.0,567823.8079425617,482.0,1692.0,565343.9121977794,342
2023-01-15,1011641.9552068745,700.0,527352.7754591493,416.0,1356.0,520108.79391601466,314
2023-01-16,1033194.7793608189,714.0,533554.4227314368,408.0,1390.0,529653.3779239471,326
2023-01-17,1018000.7873528053,730.0,486679.5260200091,406.0,1416.0,496325.042246131,316
2023-01-18,943716.8976501239,682.0,475330.33417434705,358.0,1318.0,468293.2502941059,318
2023-01-19,1039600.0903675584,764.0,470520.3916646644,348.0,1530.0,453872.80855007214,318
2023-01-20,1196483.8483278109,900.0,471537.67048527906,360.0,1798.0,461950.1496173084,330
2023-01-21,1215672.4236365173,904.0,523569.4907076962,378.0,1814.0,514212.7994835163,350
2023-01-22,1146502.8264625815,836.0,512140.2451182324,394.0,1672.0,499421.86958358967,328
2023-01-23,951715.4581693019,688.0,504666.19500896666,386.0,1356.0,496956.6182887551,314
2023-01-24,963747.0077676653,698.0,482982.16230597696,356.0,1376.0,479712.7487544302,304
2023-01-25,1010621.068070296,722.0,489230.53249581443,320.0,1428.0,481590.46914509457,306
2023-01-26,1165144.3338562432,858.0,489862.16905871185,296.0,1684.0,498735.52845853055,316
2023-01-27,1195954.7122225286,934.0,491653.0729914973,298.0,1854.0,496665.41922632867,322
2023-01-28,1145650.9805190035,882.0,451038.86191608605,242.0,1738.0,454960.9800429394,292
2023-01-29,839652.2391512512,580.0,398401.68742356135,230.0,1140.0,396312.7937456344,252
2023-01-30,863277.6812633831,628.0,387556.0026051058,242.0,1238.0,377849.5537966505,250
2023-01-31,796374.2574780419,574.0,375672.69483164337,226.0,1138.0,360016.6448453518,232
2023-02-01,808106.2773160604,520.0,413179.0262454365,238.0,1028.0,392190.3767076409,238
2023-02-02,815613.9484935086,508.0,436480.8942530058,238.0,986.0,429656.238727806,252
2023-02-03,1010180.7708017864,684.0,459690.9052945245,226.0,1324.0,464856.90709955676,282
2023-02-04,1179582.5005745569,904.0,502247.1199708469,362.0,1770.0,507208.5741891594,320
2023-02-05,1051514.8183431672,796.0,496243.9700836915,348.0,1558.0,500441.4288286744,312
2023-02-06,799004.8364215514,560.0,451167.6040394741,304.0,1080.0,458232.05915731983,284
2023-02-07,779481.4347442671,552.0,416708.9441135078,290.0,1082.0,412212.7217546049,268
2023-02-08,910679.7110883422,630.0,481505.68972128065,298.0,1226.0,493296.8285092065,298
2023-02-09,1137411.7101902615,778.0,540937.1928974238,336.0,1522.0,548033.3716573296,328
2023-02-10,1233783.4390176013,972.0,568671.1973461261,344.0,1910.0,575233.0057846876,346
2023-02-11,1217300.1340991347,954.0,548960.8808531102,308.0,1876.0,554907.9924108047,336
2023-02-12,1170331.8355534016,802.0,541647.9722402337,344.0,1584.0,541118.5319336307,332
2023-02-13,1273716.3454652852,926.0,534220.1863506165,346.0,1844.0,534478.0257730752,328
2023-02-14,1353195.0344458825,950.0,602277.51346477,364.0,1900.0,596605.6108767135,358
2023-02-15,1428368.4206736668,826.0,656048.6226117541,368.0,1634.0,659705.6701868935,356
2023-02-16,1608424.8545349832,870.0,725509.0946496043,382.0,1730.0,721967.7762072015,372
2023-02-17,1558971.1145858064,936.0,720274.9792945978,358.0,1856.0,725580.3987955378,366
2023-02-18,1206321.0113619936,824.0,627859.6735957563,342.0,1628.0,629436.2575198135,336
2023-02-19,1064704.414643582,620.0,607607.2580182799,388.0,1220.0,598252.1592286063,308
2023-02-20,1240672.9369510089,884.0,592795.8495585594,420.0,1752.0,565764.5450362797,332
2023-02-21,1145890.0186422956,860.0,507415.94610360434,394.0,1688.0,500277.1783311091,306
2023-02-22,1067534.9077195027,818.0,465921.2971939733,350.0,1620.0,449905.6906954153,290
2023-02-23,934199.0223998192,632.0,473224.7166224919,314.0,1240.0,462665.0607312537,282
2023-02-24,973939.8994252426,678.0,462911.9978111432,288.0,1332.0,455634.3402676193,268
2023-02-25,860146.2245166912,624.0,419365.6495485666,242.0,1230.0,408364.72821795783,250
2023-02-26,659428.1978246642,418.0,381924.83834222757,214.0,838.0,377360.2631111111,224
2023-02-27,608149.16887002,384.0,378334.12058811315,194.0,772.0,369229.96383333334,220
2023-02-28,390796.03125802183,322.0,292866.28138836345,154.0,650.0,289754.3208333333,186
2023-03-01,556212.9084209444,366.0,340823.9196169356,194.0,730.0,336136.51029761904,200
2023-03-02,417803.0694423408,296.0,288623.84882284753,182.0,590.0,282441.43965384614,180
2023-03-03,535503.2204368837,450.0,284381.5060119596,170.0,920.0,276726.92498122936,200
2023-03-04,502495.720542337,440.0,269555.9729912449,190.0,886.0,271723.54879941116,202
2023-03-05,449863.21794509125,348.0,239978.94744642702,204.0,706.0,231311.28383333332,150
2023-03-06,468238.336174899,356.0,256124.74522794347,242.0,712.0,253760.08664285715,154
2023-03-07,380327.59481663135,242.0,255937.69291325982,218.0,480.0,251293.72166666668,144
2023-03-08,471182.6999121916,248.0,314503.814550299,234.0,500.0,295633.698530303,150
2023-03-09,634777.5765102996,362.0,326082.9227385247,274.0,728.0,313184.7923994143,160
2023-03-10,799333.0178198348,480.0,318952.6089424417,242.0,974.0,307661.4834658204,170
2023-03-11,876467.9723604635,506.0,341616.59779205994,246.0,1034.0,323709.09413790604,176
2023-03-12,756104.2713748486,456.0,326373.7600936267,254.0,918.0,326914.1773145177,172
2023-03-13,768631.8896446893,472.0,352930.1839724286,314.0,950.0,351519.5246459072,186
2023-03-14,778832.2538590326,466.0,355211.667188129,334.0,936.0,354963.56516111665,174
2023-03-15,624412.9366903761,354.0,323802.81985146826,288.0,716.0,326262.9655884671,162
2023-03-16,639408.1898500791,356.0,340909.3116817298,282.0,714.0,349527.9938842181,174
2023-03-17,840296.3091512906,550.0,365597.10066988395,264.0,1118.0,370391.9874504754,192
2023-03-18,733404.2896846021,568.0,288059.1809508061,206.0,1150.0,287718.8289883542,172
2023-03-19,554713.4114996338,386.0,266281.8320062823,184.0,770.0,267748.9565487506,150
2023-03-20,390726.30170641496,224.0,228297.54146858313,170.0,440.0,231237.9659047619,128
2023-03-21,351150.8331819337,198.0,207076.96257427608,144.0,384.0,209562.59066666666,114
2023-03-22,468320.3810243984,278.0,222368.82974974127,144.0,548.0,218520.41866666666,120
2023-03-23,513924.2876240066,346.0,247047.62975658572,166.0,684.0,242367.18481684983,130
2023-03-24,652778.4060339798,418.0,282179.15083689394,180.0,832.0,287533.1394330114,134
2023-03-25,632450.4488336219,370.0,267619.5258685822,212.0,766.0,274197.2486536477,118
2023-03-26,623286.6934090601,260.0,314818.2354337942,276.0,556.0,327427.97733333334,122
2023-03-27,627043.497244341,356.0,334349.52576469217,260.0,748.0,341259.8361375291,130
2023-03-28,561478.1660497171,308.0,353399.1187860215,234.0,628.0,344596.93702930404,136
2023-03-29,480667.20225042995,246.0,329664.83913612616,224.0,502.0,325852.5201282051,132
2023-03-30,448883.368558419,186.0,321656.1099453687,212.0,376.0,323776.19666666666,128
2023-03-31,560492.5378722791,268.0,349581.174007811,198.0,542.0,349611.53408333333,136
2023-04-01,535238.5955062396,308.0,296854.99079759,144.0,616.0,304518.9076410256,126
2023-04-02,683339.329634868,424.0,286843.33594470273,246.0,848.0,296280.64564811066,138
2023-04-03,785281.7635012962,524.0,341837.39409133245,282.0,1048.0,352059.18980964913,166
2023-04-04,708970.9484443374,476.0,328055.27252388606,270.0,956.0,340265.9801652047,162
2023-04-05,590081.8387361685,346.0,327537.3951228032,224.0,688.0,341652.5020555556,152
2023-04-06,925219.1272741263,520.0,434834.2588987568,362.0,1046.0,444328.37430519477,186
2023-04-07,820624.2220477324,472.0,384298.1823413437,348.0,964.0,367543.08431697934,164
2023-04-08,881731.1984521088,478.0,420894.05522966763,356.0,988.0,394340.554929777,172
2023-04-09,442977.030650824,160.0,340979.27890828217,156.0,334.0,318160.41845454543,114
2023-04-10,481493.50354189816,218.0,325760.32716395427,190.0,438.0,321999.09896934865,120
2023-04-11,408977.60220997606,206.0,279413.8191455865,168.0,396.0,295648.601302682,106
2023-04-12,364768.8495933232,190.0,251690.57116079298,140.0,360.0,270385.49558441556,100
2023-04-13,408863.4633662104,200.0,290868.5121178737,112.0,376.0,311256.984,104
2023-04-14,322715.45815042645,128.0,242622.7512464209,80.0,238.0,254607.87233333333,76
2023-04-15,264412.13617628877,140.0,161462.3900087795,66.0,262.0,173616.20784848486,74
2023-04-16,443927.7722087726,364.0,143616.2165849891,58.0,704.0,167160.6297202797,82
2023-04-17,566457.7281367518,528.0,148043.67686624906,86.0,1038.0,159524.13514635718,94
2023-04-18,414543.9845989011,374.0,127481.82373394918,80.0,742.0,128754.11316666666,86
2023-04-19,304736.0987381239,236.0,119558.29321085688,74.0,464.0,124542.35127156177,86
2023-04-20,289828.5164283539,232.0,115030.18503557467,64.0,452.0,123240.36575641026,86
2023-04-21,404312.5300280462,328.0,141944.87946656134,66.0,640.0,152795.06494444446,110
2023-04-22,399867.6891675038,320.0,134978.5770825538,64.0,630.0,144585.0201111111,104
2023-04-23,461061.8557045918,384.0,130709.3619285209,62.0,764.0,138137.91679501915,104
2023-04-24,431085.79074140475,360.0,141976.4221311052,82.0,716.0,148402.51868390804,108
2023-04-25,385689.7158587555,314.0,114161.53513812729,76.0,638.0,109492.65785057472,80
2023-04-26,352475.4706837975,272.0,114980.15888441422,70.0,556.0,110850.07651724138,82
2023-04-27,310127.07084231277,228.0,116747.3321647714,78.0,460.0,115695.82683333333,80
2023-04-28,387933.8913529516,302.0,109842.76113883841,78.0,604.0,110121.75583333333,80
2023-04-29,366165.45463887596,294.0,93693.37538875625,78.0,580.0,98828.12683333333,72
2023-04-30,177101.89753874968,132.0,76055.45612427517,62.0,256.0,81729.99338095238,54
2023-05-01,302831.8863570387,280.0,88165.44883896635,78.0,556.0,91596.52183687943,66
2023-05-02,292875.29243611125,276.0,81038.52942722387,74.0,550.0,83795.96367021276,66
2023-05-03,190432.08554184294,160.0,77157.50067219662,76.0,318.0,80098.62175,60
2023-05-04,250104.4258388787,202.0,77119.28674608274,62.0,402.0,80021.9437628205,58
2023-05-05,280365.0005017372,250.0,79976.53759623512,82.0,500.0,82435.39358333334,64
2023-05-06,267852.5300625394,236.0,79545.32849581426,84.0,474.0,77079.04691666667,60
2023-05-07,137831.57797390112,142.0,64640.25897222525,72.0,290.0,62076.13366666667,52
2023-05-08,265187.8341783707,292.0,68776.77991934387,114.0,594.0,67728.9691949717,58
2023-05-09,227158.29019280567,226.0,64747.94523250104,118.0,460.0,64551.72672294372,50
2023-05-10,312304.8826194528,292.0,79644.46182727993,126.0,596.0,78618.150245671,64
2023-05-11,386419.75522557634,310.0,82804.77799625759,108.0,628.0,80528.4972310504,60
2023-05-12,573940.292633462,462.0,110375.06037035043,78.0,922.0,111251.43045244625,78
2023-05-13,550272.309369422,448.0,105221.6088384507,62.0,892.0,106434.80195244624,74
2023-05-14,301057.6729880128,244.0,94272.4237362703,58.0,484.0,96005.35969379845,64
2023-05-15,209885.20569170357,178.0,86108.25834621365,56.0,352.0,88455.46333333333,58
2023-05-16,196053.7868892752,152.0,87393.43607747108,72.0,306.0,89847.78220289855,58
2023-05-17,142157.45288698183,78.0,87270.65739306413,70.0,160.0,84889.69586956521,54
2023-05-18,456486.772446798,344.0,114430.09980340689,64.0,694.0,104505.9605361991,70
2023-05-19,537142.1118524335,402.0,136116.52884083343,60.0,812.0,123172.72218455074,84
2023-05-20,509078.95851563866,406.0,113783.216394666,52.0,820.0,102325.99518455075,74
2023-05-21,236155.88211074812,170.0,97660.4893941006,44.0,354.0,85618.30352597403,60
2023-05-22,158540.21642903547,140.0,74977.66023221245,42.0,288.0,70245.67562121213,52
2023-05-23,104476.6255979696,98.0,64576.81420461571,36.0,206.0,58410.1295,42
2023-05-24,145577.76966398617,136.0,65687.76336418219,52.0,278.0,64240.770454545454,46
2023-05-25,372871.66243831627,320.0,78682.47034449341,86.0,644.0,75895.21975182863,60
2023-05-26,417047.9558743029,394.0,78253.04361839445,94.0,796.0,76072.55929728318,66
2023-05-27,410750.1120928683,394.0,73289.67854102452,76.0,794.0,70665.27166002827,62
2023-05-28,211592.0691843055,192.0,61950.41783695447,56.0,384.0,68319.89080952381,42
2023-05-29,219346.86358402192,188.0,75697.26126162383,48.0,380.0,73255.779,42
2023-05-30,200741.38989869462,174.0,69250.29021072442,32.0,350.0,67689.69733333333,38
2023-05-31,78602.65365431753,72.0,64251.49449776816,32.0,146.0,62928.60333333333,34
2023-06-01,144850.74958366246,132.0,81582.28949378764,64.0,266.0,79643.74394871795,46
2023-06-02,135348.45355845938,130.0,71034.69778152985,58.0,262.0,71985.29394871795,42
2023-06-03,100138.70713413999,92.0,37692.89676159233,40.0,182.0,38890.808615384616,30
2023-06-04,52993.713920819195,24.0,42951.0707358711,19.0,47.0,40368.41166666667,18
